type,code,fraction,nico,parent,description,umt,import_tax,export_tax,regulations_programs,marker,table_context_subheading,page
section,,,,72,SUBCAPÍTULO I,,,,,,,12
section,,,,72,PRODUCTOS BÁSICOS; GRANALLAS Y POLVO,,,,,,,12
heading,72.01,,,72,"Fundición en bruto y fundición especular, en lingotes, bloques o demás formas primarias.",,,,,,,12
subheading,7201.10,,,72.01,Fundición en bruto sin alear con un contenido de fósforo inferior o igual al 0.5% en peso.,,,,,-,,12
fraction,7201.10.01,,,7201.10,Fundición en bruto sin alear con un contenido de fósforo inferior o igual al 0.5% en peso.,Kg,Ex.,Ex.,PS4; IM_SEN; EMB,,7201.10,12
nico,7201.10.01-00,7201.10.01,00,7201.10.01,Fundición en bruto sin alear con un contenido de fósforo inferior o igual al 0.5% en peso.,Kg,Ex.,Ex.,PS4; IM_SEN; EMB,,,12
subheading,7201.20,,,72.01,Fundición en bruto sin alear con un contenido de fósforo superior al 0.5% en peso.,,,,,-,,12
fraction,7201.20.01,,,7201.20,Fundición en bruto sin alear con un contenido de fósforo superior al 0.5% en peso.,Kg,Ex.,Ex.,PS4; IM_SEN; EMB,,7201.20,12
nico,7201.20.01-00,7201.20.01,00,7201.20.01,Fundición en bruto sin alear con un contenido de fósforo superior al 0.5% en peso.,Kg,Ex.,Ex.,PS4; IM_SEN; EMB,,,12
subheading,7201.50,,,72.01,Fundición en bruto aleada; fundición especular.,,,,,-,,12
fraction,7201.50.02,,,7201.50,Fundición en bruto aleada; fundición especular.,Kg,Ex.,Ex.,PS4; IM_SEN; EMB,,7201.50,12
nico,7201.50.02-00,7201.50.02,00,7201.50.02,Fundición en bruto aleada; fundición especular.,Kg,Ex.,Ex.,PS4; IM_SEN; EMB,,,12
heading,72.02,,,72,Ferroaleaciones.,,,,,,,12
qualifier,,,,72.02,Ferromanganeso:,,,,,-,,12
subheading,7202.11,,,72.02,Con un contenido de carbono superior al 2% en peso.,,,,,--,,12
fraction,7202.11.01,,,7202.11,Con un contenido de carbono superior al 2% en peso.,Kg,35,Ex.,PS4; IM_SEN; PERM; EMB;CC,,7202.11,12
nico,7202.11.01-00,7202.11.01,00,7202.11.01,Con un contenido de carbono superior al 2% en peso.,Kg,35,Ex.,PS4; IM_SEN; PERM; EMB;CC,,,12
subheading,7202.19,,,72.02,Los demás.,,,,,--,,12
fraction,7202.19.99,,,7202.19,Los demás.,Kg,35,Ex.,PS4; IM_SEN; PERM; EMB,,7202.19,12
nico,7202.19.99-01,7202.19.99,01,7202.19.99,Con un contenido inferior o igual al 1% de carbono.,,,,,,,12
nico,7202.19.99-99,7202.19.99,99,7202.19.99,Los demás.,,,,,,,12
qualifier,,,,7202.19.99,Ferrosilicio:,,,,,-,,12
subheading,7202.21,,,72.02,Con un contenido de silicio superior al 55% en peso.,,,,,--,,12
fraction,7202.21.02,,,7202.21,Con un contenido de silicio superior al 55% en peso.,Kg,Ex.,Ex.,PS4; IM_SEN; EMB;CUP,,7202.21,12
nico,7202.21.02-00,7202.21.02,00,7202.21.02,Con un contenido de silicio superior al 55% en peso.,Kg,Ex.,Ex.,PS4; IM_SEN; EMB;CUP,,,12
subheading,7202.29,,,72.02,Los demás.,,,,,--,,13
fraction,7202.29.99,,,7202.29,Los demás.,Kg,Ex.,Ex.,PS4; IM_SEN; EMB,,7202.29,13
nico,7202.29.99-00,7202.29.99,00,7202.29.99,Los demás.,Kg,Ex.,Ex.,PS4; IM_SEN; EMB,,,13
subheading,7202.30,,,72.02,Ferro-sílico-manganeso.,,,,,-,,13
fraction,7202.30.01,,,7202.30,Ferro-sílico-manganeso.,Kg,Ex.,Ex.,PS4; IM_SEN; PERM; EMB;CC,,7202.30,13
nico,7202.30.01-00,7202.30.01,00,7202.30.01,Ferro-sílico-manganeso.,Kg,Ex.,Ex.,PS4; IM_SEN; PERM; EMB;CC,,,13
qualifier,,,,7202.30.01,Ferrocromo:,,,,,-,,13
subheading,7202.41,,,72.02,Con un contenido de carbono superior al 4% en peso.,,,,,--,,13
fraction,7202.41.01,,,7202.41,Con un contenido de carbono superior al 4% en peso.,Kg,Ex.,Ex.,PS4; IM_SEN; EMB,,7202.41,13
nico,7202.41.01-00,7202.41.01,00,7202.41.01,Con un contenido de carbono superior al 4% en peso.,Kg,Ex.,Ex.,PS4; IM_SEN; EMB,,,13
subheading,7202.49,,,72.02,Los demás.,,,,,--,,13
fraction,7202.49.99,,,7202.49,Los demás.,Kg,Ex.,Ex.,PS4; IM_SEN; EMB,,7202.49,13
nico,7202.49.99-00,7202.49.99,00,7202.49.99,Los demás.,Kg,Ex.,Ex.,PS4; IM_SEN; EMB,,,13
subheading,7202.50,,,72.02,Ferro-sílico-cromo.,,,,,-,,13
fraction,7202.50.01,,,7202.50,Ferro-sílico-cromo.,Kg,Ex.,Ex.,PS4; IM_SEN; EMB,,7202.50,13
nico,7202.50.01-00,7202.50.01,00,7202.50.01,Ferro-sílico-cromo.,Kg,Ex.,Ex.,PS4; IM_SEN; EMB,,,13
subheading,7202.60,,,72.02,Ferroníquel.,,,,,-,,13
fraction,7202.60.01,,,7202.60,Ferroníquel.,Kg,Ex.,Ex.,PS4; IM_SEN; EMB,,7202.60,13
nico,7202.60.01-00,7202.60.01,00,7202.60.01,Ferroníquel.,Kg,Ex.,Ex.,PS4; IM_SEN; EMB,,,13
subheading,7202.70,,,72.02,Ferromolibdeno.,,,,,-,,13
fraction,7202.70.01,,,7202.70,Ferromolibdeno.,Kg,Ex.,Ex.,PS4; IM_SEN; EMB,,7202.70,13
nico,7202.70.01-00,7202.70.01,00,7202.70.01,Ferromolibdeno.,Kg,Ex.,Ex.,PS4; IM_SEN; EMB,,,13
subheading,7202.80,,,72.02,Ferrovolframio y ferro-sílico-volframio.,,,,,-,,13
fraction,7202.80.01,,,7202.80,Ferrovolframio y ferro-sílico-volframio.,Kg,Ex.,Ex.,PS4; IM_SEN; EMB,,7202.80,13
nico,7202.80.01-00,7202.80.01,00,7202.80.01,Ferrovolframio y ferro-sílico-volframio.,Kg,Ex.,Ex.,PS4; IM_SEN; EMB,,,13
qualifier,,,,7202.80.01,Las demás:,,,,,-,,13
subheading,7202.91,,,72.02,Ferrotitanio y ferro-sílico-titanio.,,,,,--,,13
fraction,7202.91.04,,,7202.91,Ferrotitanio y ferro-sílico-titanio.,Kg,Ex.,Ex.,PS4; IM_SEN; EMB,,7202.91,13
nico,7202.91.04-01,7202.91.04,01,7202.91.04,"Ferrotitanio, encapsulado.",,,,,,,13
nico,7202.91.04-02,7202.91.04,02,7202.91.04,Ferro-sílico-titanio.,,,,,,,13
nico,7202.91.04-03,7202.91.04,03,7202.91.04,"Ferrotitanio, excepto lo comprendido en el número de identificación comercial 7202.91.04.01.",,,,,,,14
subheading,7202.92,,,72.02,Ferrovanadio.,,,,,--,,14
fraction,7202.92.02,,,7202.92,Ferrovanadio.,Kg,Ex.,Ex.,PS4; IM_SEN; EMB,,7202.92,14
nico,7202.92.02-00,7202.92.02,00,7202.92.02,Ferrovanadio.,Kg,Ex.,Ex.,PS4; IM_SEN; EMB,,,14
subheading,7202.93,,,72.02,Ferroniobio.,,,,,--,,14
fraction,7202.93.01,,,7202.93,Ferroniobio.,Kg,Ex.,Ex.,PS4; IM_SEN; EMB,,7202.93,14
nico,7202.93.01-00,7202.93.01,00,7202.93.01,Ferroniobio.,Kg,Ex.,Ex.,PS4; IM_SEN; EMB,,,14
subheading,7202.99,,,72.02,Las demás.,,,,,--,,14
fraction,7202.99.99,,,7202.99,Las demás.,Kg,Ex.,Ex.,PS4; IM_SEN; EMB,,7202.99,14
nico,7202.99.99-01,7202.99.99,01,7202.99.99,"Ferrocalcio-silicio, excepto lo comprendido en el número de identificación comercial 7202.99.99.02.",,,,,,,14
nico,7202.99.99-02,7202.99.99,02,7202.99.99,"Ferrocalcio, ferrocalcio-aluminio o ferrocalcio- silicio, encapsulados.",,,,,,,14
nico,7202.99.99-03,7202.99.99,03,7202.99.99,Ferrofósforo; ferroboro.,,,,,,,14
nico,7202.99.99-99,7202.99.99,99,7202.99.99,Las demás.,,,,,,,14
heading,72.03,,,72,"Productos férreos obtenidos por reducción directa de minerales de hierro y demás productos férreos esponjosos, en trozos, ""pellets"" o formas similares; hierro con una pureza superior o igual al 99.94% en peso, en trozos, ""pellets"" o formas similares.",,,,,,,14
subheading,7203.10,,,72.03,Productos férreos obtenidos por reducción directa de minerales de hierro.,,,,,-,,14
fraction,7203.10.01,,,7203.10,Productos férreos obtenidos por reducción directa de minerales de hierro.,Kg,Ex.,Ex.,PS4; IM_SEN; EMB,,7203.10,14
nico,7203.10.01-00,7203.10.01,00,7203.10.01,Productos férreos obtenidos por reducción directa de minerales de hierro.,Kg,Ex.,Ex.,PS4; IM_SEN; EMB,,,14
subheading,7203.90,,,72.03,Los demás.,,,,,-,,14
fraction,7203.90.99,,,7203.90,Los demás.,Kg,Ex.,Ex.,PS4; IM_SEN; EMB,,7203.90,14
nico,7203.90.99-00,7203.90.99,00,7203.90.99,Los demás.,Kg,Ex.,Ex.,PS4; IM_SEN; EMB,,,14
heading,72.04,,,72,"Desperdicios y desechos (chatarra), de fundición, hierro o acero; lingotes de chatarra de hierro o acero.",,,,,,,14
subheading,7204.10,,,72.04,"Desperdicios y desechos, de fundición.",,,,,-,,14
fraction,7204.10.01,,,7204.10,"Desperdicios y desechos, de fundición.",Kg,Ex.,Ex.,PS4; IM_SEN; EMB,,7204.10,14
nico,7204.10.01-00,7204.10.01,00,7204.10.01,"Desperdicios y desechos, de fundición.",Kg,Ex.,Ex.,PS4; IM_SEN; EMB,,,14
qualifier,,,,7204.10.01,"Desperdicios y desechos, de aceros aleados:",,,,,-,,15
subheading,7204.21,,,72.04,De acero inoxidable.,,,,,--,,15
fraction,7204.21.01,,,7204.21,De acero inoxidable.,Kg,Ex.,Ex.,PS4; IM_SEN; EMB,,7204.21,15
nico,7204.21.01-00,7204.21.01,00,7204.21.01,De acero inoxidable.,Kg,Ex.,Ex.,PS4; IM_SEN; EMB,,,15
subheading,7204.29,,,72.04,Los demás.,,,,,--,,15
fraction,7204.29.99,,,7204.29,Los demás.,Kg,Ex.,Ex.,PS4; IM_SEN; EMB,,7204.29,15
nico,7204.29.99-00,7204.29.99,00,7204.29.99,Los demás.,Kg,Ex.,Ex.,PS4; IM_SEN; EMB,,,15
subheading,7204.30,,,72.04,"Desperdicios y desechos, de hierro o acero estañados.",,,,,-,,15
fraction,7204.30.01,,,7204.30,"Desperdicios y desechos, de hierro o acero estañados.",Kg,Ex.,Ex.,PS4; IM_SEN; EMB,,7204.30,15
nico,7204.30.01-00,7204.30.01,00,7204.30.01,"Desperdicios y desechos, de hierro o acero estañados.",Kg,Ex.,Ex.,PS4; IM_SEN; EMB,,,15
qualifier,,,,7204.30.01,Los demás desperdicios y desechos:,,,,,-,,15
subheading,7204.41,,,72.04,"Torneaduras, virutas, esquirlas, limaduras (de amolado, aserrado, limado) y recortes de estampado o de corte, incluso en paquetes.",,,,,--,,15
fraction,7204.41.01,,,7204.41,"Torneaduras, virutas, esquirlas, limaduras (de amolado, aserrado, limado) y recortes de estampado o de corte, incluso en paquetes.",Kg,Ex.,Ex.,PS4; IM_SEN; EMB,,7204.41,15
nico,7204.41.01-00,7204.41.01,00,7204.41.01,"Torneaduras, virutas, esquirlas, limaduras (de amolado, aserrado, limado) y recortes de estampado o de corte, incluso en paquetes.",Kg,Ex.,Ex.,PS4; IM_SEN; EMB,,,15
subheading,7204.49,,,72.04,Los demás.,,,,,--,,15
fraction,7204.49.99,,,7204.49,Los demás.,Kg,Ex.,Ex.,PS4; IM_SEN; EMB,,7204.49,15
nico,7204.49.99-00,7204.49.99,00,7204.49.99,Los demás.,Kg,Ex.,Ex.,PS4; IM_SEN; EMB,,,15
subheading,7204.50,,,72.04,Lingotes de chatarra.,,,,,-,,15
fraction,7204.50.01,,,7204.50,Lingotes de chatarra.,Kg,Ex.,Ex.,PS4; IM_SEN; EMB,,7204.50,15
nico,7204.50.01-00,7204.50.01,00,7204.50.01,Lingotes de chatarra.,Kg,Ex.,Ex.,PS4; IM_SEN; EMB,,,15
heading,72.05,,,72,"Granallas y polvo, de fundición en bruto, de fundición especular, de hierro o acero.",,,,,,,15
subheading,7205.10,,,72.05,Granallas.,,,,,-,,15
fraction,7205.10.01,,,7205.10,Granallas.,Kg,Ex.,Ex.,PS4; IM_SEN; EMB,,7205.10,15
nico,7205.10.01-00,7205.10.01,00,7205.10.01,Granallas.,Kg,Ex.,Ex.,PS4; IM_SEN; EMB,,,15
qualifier,,,,7205.10.01,Polvo:,,,,,-,,15
subheading,7205.21,,,72.05,De aceros aleados.,,,,,--,,15
fraction,7205.21.01,,,7205.21,De aceros aleados.,Kg,Ex.,Ex.,PS4; IM_SEN; EMB,,7205.21,15
nico,7205.21.01-00,7205.21.01,00,7205.21.01,De aceros aleados.,Kg,Ex.,Ex.,PS4; IM_SEN; EMB,,,15
subheading,7205.29,,,72.05,Los demás.,,,,,--,,15
fraction,7205.29.99,,,7205.29,Los demás.,Kg,Ex.,Ex.,PS4; IM_SEN; CE; EMB,,7205.29,16
nico,7205.29.99-00,7205.29.99,00,7205.29.99,Los demás.,Kg,Ex.,Ex.,PS4; IM_SEN; CE; EMB,,,16
section,,,,7205.29.99,SUBCAPÍTULO II,,,,,,,16
section,,,,7205.29.99,HIERRO Y ACERO SIN ALEAR,,,,,,,16
heading,72.06,,,72,"Hierro y acero sin alear, en lingotes o demás formas primarias, excepto el hierro de la partida 72.03.",,,,,,,16
subheading,7206.10,,,72.06,Lingotes.,,,,,-,,16
fraction,7206.10.01,,,7206.10,Lingotes.,Kg,Ex.,Ex.,PS4; IM_SEN; EMB; PERM,,7206.10,16
nico,7206.10.01-00,7206.10.01,00,7206.10.01,Lingotes.,Kg,Ex.,Ex.,PS4; IM_SEN; EMB; PERM,,,16
subheading,7206.90,,,72.06,Las demás.,,,,,-,,16
fraction,7206.90.99,,,7206.90,Las demás.,Kg,Ex.,Ex.,PS4; IM_SEN; EMB; PERM,,7206.90,16
nico,7206.90.99-00,7206.90.99,00,7206.90.99,Las demás.,Kg,Ex.,Ex.,PS4; IM_SEN; EMB; PERM,,,16
heading,72.07,,,72,Productos intermedios de hierro o acero sin alear.,,,,,,,16
qualifier,,,,72.07,Con un contenido de carbono inferior al 0.25% en peso:,,,,,-,,16
subheading,7207.11,,,72.07,"De sección transversal cuadrada o rectangular, cuya anchura sea inferior al doble del espesor.",,,,,--,,16
fraction,7207.11.01,,,7207.11,"De sección transversal cuadrada o rectangular, cuya anchura sea inferior al doble del espesor.",Kg,Ex.,Ex.,PS4; IM_SEN; EMB; PERM,,7207.11,16
nico,7207.11.01-00,7207.11.01,00,7207.11.01,"De sección transversal cuadrada o rectangular, cuya anchura sea inferior al doble del espesor.",Kg,Ex.,Ex.,PS4; IM_SEN; EMB; PERM,,,16
subheading,7207.12,,,72.07,"Los demás, de sección transversal rectangular.",,,,,--,,16
fraction,7207.12.91,,,7207.12,"Los demás, de sección transversal rectangular.",Kg,Ex.,Ex.,PS4; IM_SEN; PERM; EMB,,7207.12,16
nico,7207.12.91-01,7207.12.91,01,7207.12.91,Con espesor inferior o igual a 185 mm.,,,,,,,16
nico,7207.12.91-99,7207.12.91,99,7207.12.91,Los demás.,,,,,,,16
subheading,7207.19,,,72.07,Los demás.,,,,,--,,16
fraction,7207.19.99,,,7207.19,Los demás.,Kg,Ex.,Ex.,PS4; IM_SEN; EMB; PERM,,7207.19,16
nico,7207.19.99-00,7207.19.99,00,7207.19.99,Los demás.,Kg,Ex.,Ex.,PS4; IM_SEN; EMB; PERM,,,16
subheading,7207.20,,,72.07,Con un contenido de carbono superior o igual al 0.25% en peso.,,,,,-,,16
fraction,7207.20.02,,,7207.20,Con un contenido de carbono superior o igual al 0.25% en peso.,Kg,Ex.,Ex.,PS4; IM_SEN; PERM; EMB,,7207.20,17
nico,7207.20.02-01,7207.20.02,01,7207.20.02,"Con espesor inferior o igual a 185 mm, y anchura igual o superior al doble del espesor.",,,,,,,17
nico,7207.20.02-99,7207.20.02,99,7207.20.02,Los demás.,,,,,,,17
heading,72.08,,,72,"Productos laminados planos de hierro o acero sin alear, de anchura superior o igual a 600 mm, laminados en caliente, sin chapar ni revestir.",,,,,,,17
subheading,7208.10,,,72.08,"Enrollados, simplemente laminados en caliente, con motivos en relieve.",,,,,-,,17
fraction,7208.10.03,,,7208.10,"Enrollados, simplemente laminados en caliente, con motivos en relieve.",Kg,25,Ex.,PS4; IM_SEN; PERM; EMB;CC,,7208.10,17
nico,7208.10.03-01,7208.10.03,01,7208.10.03,De espesor superior a 10 mm.,,,,,,,17
nico,7208.10.03-02,7208.10.03,02,7208.10.03,De espesor superior a 4.75 mm pero inferior o igual a 10 mm.,,,,,,,17
nico,7208.10.03-03,7208.10.03,03,7208.10.03,"De espesor inferior a 4.75 mm, sin decapar.",,,,,,,17
nico,7208.10.03-99,7208.10.03,99,7208.10.03,Los demás.,,,,,,,17
qualifier,,,,7208.10.03,"Los demás, enrollados, simplemente laminados en caliente, decapados:",,,,,-,,17
subheading,7208.25,,,72.08,De espesor superior o igual a 4.75 mm.,,,,,--,,17
fraction,7208.25.02,,,7208.25,De espesor superior o igual a 4.75 mm.,Kg,25,Ex.,PS4; IM_SEN; PERM; EMB;CC,,7208.25,17
nico,7208.25.02-01,7208.25.02,01,7208.25.02,De espesor superior a 10 mm.,,,,,,,17
nico,7208.25.02-99,7208.25.02,99,7208.25.02,Los demás.,,,,,,,17
subheading,7208.26,,,72.08,De espesor superior o igual a 3 mm pero inferior a 4.75 mm.,,,,,--,,17
fraction,7208.26.01,,,7208.26,De espesor superior o igual a 3 mm pero inferior a 4.75 mm.,Kg,25,Ex.,PS5; PS4; IM_SEN; PERM; EMB;CC,,7208.26,17
nico,7208.26.01-01,7208.26.01,01,7208.26.01,De acero de alta resistencia.,,,,,,,17
nico,7208.26.01-99,7208.26.01,99,7208.26.01,Los demás.,,,,,,,17
subheading,7208.27,,,72.08,De espesor inferior a 3 mm.,,,,,--,,17
fraction,7208.27.01,,,7208.27,De espesor inferior a 3 mm.,Kg,25,Ex.,PS5; PS4; IM_SEN; PERM; EMB;CC,,7208.27,18
nico,7208.27.01-01,7208.27.01,01,7208.27.01,De acero de alta resistencia.,,,,,,,18
nico,7208.27.01-99,7208.27.01,99,7208.27.01,Los demás.,,,,,,,18
qualifier,,,,7208.27.01,"Los demás, enrollados, simplemente laminados en caliente:",,,,,-,,18
subheading,7208.36,,,72.08,De espesor superior a 10 mm.,,,,,--,,18
fraction,7208.36.01,,,7208.36,De espesor superior a 10 mm.,Kg,25,Ex.,PS4; IM_SEN; PERM; EMB;CC,,7208.36,18
nico,7208.36.01-01,7208.36.01,01,7208.36.01,De acero de alta resistencia.,,,,,,,18
nico,7208.36.01-02,7208.36.01,02,7208.36.01,Acero para la fabricación de tubos de los tipos utilizados en oleoductos o gasoductos.,,,,,,,18
nico,7208.36.01-99,7208.36.01,99,7208.36.01,Los demás.,,,,,,,18
subheading,7208.37,,,72.08,De espesor superior o igual a 4.75 mm pero inferior o igual a 10 mm.,,,,,--,,18
fraction,7208.37.01,,,7208.37,De espesor superior o igual a 4.75 mm pero inferior o igual a 10 mm.,Kg,25,Ex.,PS4; IM_SEN; PERM; EMB;CC,,7208.37,18
nico,7208.37.01-01,7208.37.01,01,7208.37.01,De acero de alta resistencia.,,,,,,,18
nico,7208.37.01-02,7208.37.01,02,7208.37.01,Acero para la fabricación de tubos de los tipos utilizados en oleoductos o gasoductos.,,,,,,,18
nico,7208.37.01-99,7208.37.01,99,7208.37.01,Los demás.,,,,,,,18
subheading,7208.38,,,72.08,De espesor superior o igual a 3 mm pero inferior a 4.75 mm.,,,,,--,,18
fraction,7208.38.01,,,7208.38,De espesor superior o igual a 3 mm pero inferior a 4.75 mm.,Kg,25,Ex.,PS4; IM_SEN; PERM; EMB;CC,,7208.38,18
nico,7208.38.01-01,7208.38.01,01,7208.38.01,De acero de alta resistencia.,,,,,,,18
nico,7208.38.01-99,7208.38.01,99,7208.38.01,Los demás.,,,,,,,18
subheading,7208.39,,,72.08,De espesor inferior a 3 mm.,,,,,--,,18
fraction,7208.39.01,,,7208.39,De espesor inferior a 3 mm.,Kg,25,Ex.,PS5; PS4; IM_SEN; PERM; EMB;CC,,7208.39,18
nico,7208.39.01-01,7208.39.01,01,7208.39.01,De acero de alta resistencia.,,,,,,,18
nico,7208.39.01-99,7208.39.01,99,7208.39.01,Los demás.,,,,,,,18
subheading,7208.40,,,72.08,"Sin enrollar, simplemente laminados en caliente, con motivos en relieve.",,,,,-,,19
fraction,7208.40.02,,,7208.40,"Sin enrollar, simplemente laminados en caliente, con motivos en relieve.",Kg,25,Ex.,PS4; IM_SEN; PERM; EMB,,7208.40,19
nico,7208.40.02-01,7208.40.02,01,7208.40.02,De espesor superior a 4.75 mm.,,,,,,,19
nico,7208.40.02-99,7208.40.02,99,7208.40.02,Los demás.,,,,,,,19
qualifier,,,,7208.40.02,"Los demás, sin enrollar, simplemente laminados en caliente:",,,,,-,,19
subheading,7208.51,,,72.08,De espesor superior a 10 mm.,,,,,--,,19
fraction,7208.51.04,,,7208.51,De espesor superior a 10 mm.,Kg,25,Ex.,FR_I; CHT; PS5; PS4; IM_SEN; PERM; EMB;CC,,7208.51,19
nico,7208.51.04-01,7208.51.04,01,7208.51.04,"De espesor superior a 10 mm, excepto lo comprendido en los números de identificación comercial 7208.51.04.02 y 7208.51.04.03.",,,,,,,19
nico,7208.51.04-02,7208.51.04,02,7208.51.04,"Placas de acero de espesor superior a 10 mm, grados SHT-80, SHT-110, AR-400, SMM-400 o A- 516.",,,,,,,19
nico,7208.51.04-03,7208.51.04,03,7208.51.04,"Placas de acero de espesor superior a 70 mm, grado A-36.",,,,,,,19
nico,7208.51.04-04,7208.51.04,04,7208.51.04,"Normalizado, excepto lo comprendido en el número de identificación comercial 7208.51.04.02.",,,,,,,19
nico,7208.51.04-05,7208.51.04,05,7208.51.04,Acero para la fabricación de tubos de los tipos utilizados en oleoductos o gasoductos.,,,,,,,19
subheading,7208.52,,,72.08,De espesor superior o igual a 4.75 mm pero inferior o igual a 10 mm.,,,,,--,,19
fraction,7208.52.01,,,7208.52,De espesor superior o igual a 4.75 mm pero inferior o igual a 10 mm.,Kg,25,Ex.,PS4; IM_SEN; PERM; EMB;CC,,7208.52,19
nico,7208.52.01-00,7208.52.01,00,7208.52.01,De espesor superior o igual a 4.75 mm pero inferior o igual a 10 mm.,Kg,25,Ex.,PS4; IM_SEN; PERM; EMB;CC,,,19
subheading,7208.53,,,72.08,De espesor superior o igual a 3 mm pero inferior a 4.75 mm.,,,,,--,,19
fraction,7208.53.01,,,7208.53,De espesor superior o igual a 3 mm pero inferior a 4.75 mm.,Kg,25,Ex.,PS4; IM_SEN; PERM; EMB,,7208.53,19
nico,7208.53.01-00,7208.53.01,00,7208.53.01,De espesor superior o igual a 3 mm pero inferior a 4.75 mm.,Kg,25,Ex.,PS4; IM_SEN; PERM; EMB,,,19
subheading,7208.54,,,72.08,De espesor inferior a 3 mm.,,,,,--,,19
fraction,7208.54.01,,,7208.54,De espesor inferior a 3 mm.,Kg,25,Ex.,PS4; IM_SEN; PERM; EMB,,7208.54,20
nico,7208.54.01-00,7208.54.01,00,7208.54.01,De espesor inferior a 3 mm.,Kg,25,Ex.,PS4; IM_SEN; PERM; EMB,,,20
subheading,7208.90,,,72.08,Los demás.,,,,,-,,20
fraction,7208.90.99,,,7208.90,Los demás.,Kg,25,Ex.,PS4; IM_SEN; PERM; EMB,,7208.90,20
nico,7208.90.99-00,7208.90.99,00,7208.90.99,Los demás.,Kg,25,Ex.,PS4; IM_SEN; PERM; EMB,,,20
heading,72.09,,,72,"Productos laminados planos de hierro o acero sin alear, de anchura superior o igual a 600 mm, laminados en frío, sin chapar ni revestir.",,,,,,,20
qualifier,,,,72.09,"Enrollados, simplemente laminados en frío:",,,,,-,,20
subheading,7209.15,,,72.09,De espesor superior o igual a 3 mm.,,,,,--,,20
fraction,7209.15.04,,,7209.15,De espesor superior o igual a 3 mm.,Kg,25,Ex.,PS4; IM_SEN; PERM; EMB,,7209.15,20
nico,7209.15.04-01,7209.15.04,01,7209.15.04,Con un contenido de carbono superior a 0.4 % en peso.,,,,,,,20
nico,7209.15.04-02,7209.15.04,02,7209.15.04,Aceros cuyo límite de resistencia a la deformación sea igual o superior a 355 MPa.,,,,,,,20
nico,7209.15.04-03,7209.15.04,03,7209.15.04,Aceros para porcelanizar en partes expuestas.,,,,,,,20
nico,7209.15.04-99,7209.15.04,99,7209.15.04,Los demás.,,,,,,,20
subheading,7209.16,,,72.09,De espesor superior a 1 mm pero inferior a 3 mm.,,,,,--,,20
fraction,7209.16.01,,,7209.16,De espesor superior a 1 mm pero inferior a 3 mm.,Kg,25,Ex.,PS5; PS4; IM_SEN; PERM; EMB;CC,,7209.16,20
nico,7209.16.01-01,7209.16.01,01,7209.16.01,De acero de alta resistencia.,,,,,,,20
nico,7209.16.01-99,7209.16.01,99,7209.16.01,Los demás.,,,,,,,20
subheading,7209.17,,,72.09,De espesor superior o igual a 0.5 mm pero inferior o igual a 1 mm.,,,,,--,,20
fraction,7209.17.01,,,7209.17,De espesor superior o igual a 0.5 mm pero inferior o igual a 1 mm.,Kg,25,Ex.,PS5; PS4; IM_SEN; PERM; EMB;CC,,7209.17,20
nico,7209.17.01-01,7209.17.01,01,7209.17.01,De acero de alta resistencia.,,,,,,,20
nico,7209.17.01-99,7209.17.01,99,7209.17.01,Los demás.,,,,,,,20
subheading,7209.18,,,72.09,De espesor inferior a 0.5 mm.,,,,,--,,20
fraction,7209.18.01,,,7209.18,De espesor inferior a 0.5 mm.,Kg,25,Ex.,PS4; IM_SEN; PERM; EMB,,7209.18,21
nico,7209.18.01-01,7209.18.01,01,7209.18.01,Con un espesor inferior a 0.361 mm (placa negra).,,,,,,,21
nico,7209.18.01-99,7209.18.01,99,7209.18.01,Los demás.,,,,,,,21
qualifier,,,,7209.18.01,"Sin enrollar, simplemente laminados en frío:",,,,,-,,21
subheading,7209.25,,,72.09,De espesor superior o igual a 3 mm.,,,,,--,,21
fraction,7209.25.01,,,7209.25,De espesor superior o igual a 3 mm.,Kg,25,Ex.,PS4; IM_SEN; PERM; EMB,,7209.25,21
nico,7209.25.01-00,7209.25.01,00,7209.25.01,De espesor superior o igual a 3 mm.,Kg,25,Ex.,PS4; IM_SEN; PERM; EMB,,,21
subheading,7209.26,,,72.09,De espesor superior a 1 mm pero inferior a 3 mm.,,,,,--,,21
fraction,7209.26.01,,,7209.26,De espesor superior a 1 mm pero inferior a 3 mm.,Kg,25,Ex.,PS4; IM_SEN; PERM; EMB,,7209.26,21
nico,7209.26.01-00,7209.26.01,00,7209.26.01,De espesor superior a 1 mm pero inferior a 3 mm.,Kg,25,Ex.,PS4; IM_SEN; PERM; EMB,,,21
subheading,7209.27,,,72.09,De espesor superior o igual a 0.5 mm pero inferior o igual a 1 mm.,,,,,--,,21
fraction,7209.27.01,,,7209.27,De espesor superior o igual a 0.5 mm pero inferior o igual a 1 mm.,Kg,25,Ex.,PS4; IM_SEN; PERM; EMB,,7209.27,21
nico,7209.27.01-00,7209.27.01,00,7209.27.01,De espesor superior o igual a 0.5 mm pero inferior o igual a 1 mm.,Kg,25,Ex.,PS4; IM_SEN; PERM; EMB,,,21
subheading,7209.28,,,72.09,De espesor inferior a 0.5 mm.,,,,,--,,21
fraction,7209.28.01,,,7209.28,De espesor inferior a 0.5 mm.,Kg,25,Ex.,PS4; IM_SEN; PERM; EMB,,7209.28,21
nico,7209.28.01-00,7209.28.01,00,7209.28.01,De espesor inferior a 0.5 mm.,Kg,25,Ex.,PS4; IM_SEN; PERM; EMB,,,21
subheading,7209.90,,,72.09,Los demás.,,,,,-,,21
fraction,7209.90.99,,,7209.90,Los demás.,Kg,25,Ex.,PS4; IM_SEN; PERM; EMB,,7209.90,21
nico,7209.90.99-00,7209.90.99,00,7209.90.99,Los demás.,Kg,25,Ex.,PS4; IM_SEN; PERM; EMB,,,21
heading,72.10,,,72,"Productos laminados planos de hierro o acero sin alear, de anchura superior o igual a 600 mm, chapados o revestidos.",,,,,,,21
qualifier,,,,72.10,Estañados:,,,,,-,,21
subheading,7210.11,,,72.10,De espesor superior o igual a 0.5 mm.,,,,,--,,21
fraction,7210.11.01,,,7210.11,De espesor superior o igual a 0.5 mm.,Kg,Ex.,Ex.,PS4; IM_SEN; EMB; PERM,,7210.11,22
nico,7210.11.01-00,7210.11.01,00,7210.11.01,De espesor superior o igual a 0.5 mm.,Kg,Ex.,Ex.,PS4; IM_SEN; EMB; PERM,,,22
subheading,7210.12,,,72.10,De espesor inferior a 0.5 mm.,,,,,--,,22
fraction,7210.12.04,,,7210.12,De espesor inferior a 0.5 mm.,Kg,Ex.,Ex.,PS4; IM_SEN; PERM; EMB,,7210.12,22
nico,7210.12.04-01,7210.12.04,01,7210.12.04,"Con espesor igual o superior a 0.20 mm, cuyos primeros dos dígitos de código de temple sean “T2”, “T3”, “T4” y “T5”, conforme a la norma internacional ASTM A623 para producto simple reducido, o su equivalente en otras normas, excepto lo comprendido en el número de identificación comercial 7210.12.04.03.",,,,,,,22
nico,7210.12.04-02,7210.12.04,02,7210.12.04,"Cuyos primeros dos dígitos del código de la designación de características mecánicas sean “DR”, conforme a la norma internacional ASTM A623 para producto doble reducido, o su equivalente en otras normas.",,,,,,,22
nico,7210.12.04-03,7210.12.04,03,7210.12.04,"Láminas estañadas, con un espesor igual o superior a 0.20 mm, cuyos primeros dos dígitos de código de temple sean “T2”, “T3”, “T4” y “T5”, reconocibles como diseñadas exclusivamente para la fabricación de tapas y fondos para pilas secas.",,,,,,,22
nico,7210.12.04-99,7210.12.04,99,7210.12.04,Los demás.,,,,,,,22
subheading,7210.20,,,72.10,"Emplomados, incluidos los revestidos con una aleación de plomo y estaño.",,,,,-,,22
fraction,7210.20.01,,,7210.20,"Emplomados, incluidos los revestidos con una aleación de plomo y estaño.",Kg,Ex.,Ex.,PS4; IM_SEN; EMB; PERM,,7210.20,22
nico,7210.20.01-00,7210.20.01,00,7210.20.01,"Emplomados, incluidos los revestidos con una aleación de plomo y estaño.",Kg,Ex.,Ex.,PS4; IM_SEN; EMB; PERM,,,22
subheading,7210.30,,,72.10,Cincados electrolíticamente.,,,,,-,,22
fraction,7210.30.02,,,7210.30,Cincados electrolíticamente.,Kg,25,Ex.,PS4; IM_SEN; PERM; EMB;CC,,7210.30,22
nico,7210.30.02-01,7210.30.02,01,7210.30.02,Láminas cincadas por las dos caras.,,,,,,,22
nico,7210.30.02-99,7210.30.02,99,7210.30.02,Los demás.,,,,,,,22
qualifier,,,,7210.30.02,Cincados de otro modo:,,,,,-,,22
subheading,7210.41,,,72.10,Ondulados.,,,,,--,,22
fraction,7210.41.01,,,7210.41,Láminas cincadas por las dos caras.,Kg,25,Ex.,PS4; IM_SEN; PERM; EMB;CC,,7210.41,23
nico,7210.41.01-00,7210.41.01,00,7210.41.01,Láminas cincadas por las dos caras.,Kg,25,Ex.,PS4; IM_SEN; PERM; EMB;CC,,,23
fraction,7210.41.99,,,7210.41,Los demás.,Kg,25,Ex.,FR_I; CHT; PS4; IM_SEN; PERM; EMB;CC,,7210.41,23
nico,7210.41.99-00,7210.41.99,00,7210.41.99,Los demás.,Kg,25,Ex.,FR_I; CHT; PS4; IM_SEN; PERM; EMB;CC,,,23
subheading,7210.49,,,72.10,Los demás.,,,,,--,,23
fraction,7210.49.99,,,7210.49,Los demás.,Kg,25,Ex.,PS4; IM_SEN; PERM; EMB;CC,,7210.49,23
nico,7210.49.99-01,7210.49.99,01,7210.49.99,"De espesor inferior a 3 mm, cuyo límite de resistencia a la deformación sea igual o superior a 275 MPa.",,,,,,,23
nico,7210.49.99-02,7210.49.99,02,7210.49.99,De acero de alta resistencia.,,,,,,,23
nico,7210.49.99-99,7210.49.99,99,7210.49.99,Los demás.,,,,,,,23
subheading,7210.50,,,72.10,Revestidos de óxidos de cromo o de cromo y óxidos de cromo.,,,,,-,,23
fraction,7210.50.03,,,7210.50,Revestidos de óxidos de cromo o de cromo y óxidos de cromo.,Kg,Ex.,Ex.,PS4; IM_SEN; EMB; PERM,,7210.50,23
nico,7210.50.03-01,7210.50.03,01,7210.50.03,"Con espesor igual o superior a 0.20 mm, cuyos primeros dos dígitos de código de temple sean ""T2"", ""T3"", ""T4"" y ""T5"", conforme a la norma internacional ASTM A623 para producto simple reducido, o su equivalente en otras normas.",,,,,,,23
nico,7210.50.03-02,7210.50.03,02,7210.50.03,"Cuyos primeros dos dígitos del código de la designación de características mecánicas sean ""DR"", conforme a la norma internacional ASTM A623 para producto doble reducido, o su equivalente en otras normas.",,,,,,,23
nico,7210.50.03-99,7210.50.03,99,7210.50.03,Los demás.,,,,,,,23
qualifier,,,,7210.50.03,Revestidos de aluminio:,,,,,-,,23
subheading,7210.61,,,72.10,Revestidos de aleaciones de aluminio y cinc.,,,,,--,,23
fraction,7210.61.01,,,7210.61,Revestidos de aleaciones de aluminio y cinc.,Kg,35,Ex.,FR_I; CHT; PS4; IM_SEN; PERM; EMB;CC,,7210.61,23
nico,7210.61.01-00,7210.61.01,00,7210.61.01,Revestidos de aleaciones de aluminio y cinc.,Kg,35,Ex.,FR_I; CHT; PS4; IM_SEN; PERM; EMB;CC,,,23
subheading,7210.69,,,72.10,Los demás.,,,,,--,,23
fraction,7210.69.99,,,7210.69,Los demás.,Kg,Ex.,Ex.,PS4; IM_SEN; PERM; EMB,,7210.69,24
nico,7210.69.99-01,7210.69.99,01,7210.69.99,"Revestidas con aluminio sin alear, conocidas como ""aluminizadas"".",,,,,,,24
nico,7210.69.99-99,7210.69.99,99,7210.69.99,Los demás.,,,,,,,24
subheading,7210.70,,,72.10,"Pintados, barnizados o revestidos de plástico.",,,,,-,,24
fraction,7210.70.02,,,7210.70,"Pintados, barnizados o revestidos de plástico.",Kg,25,Ex.,PS4; IM_SEN; PERM; EMB; PACIC;CC,,7210.70,24
nico,7210.70.02-01,7210.70.02,01,7210.70.02,"Láminas pintadas, cincadas por inmersión.",,,,,,,24
nico,7210.70.02-02,7210.70.02,02,7210.70.02,Sin revestimiento metálico o plaqueado.,,,,,,,24
nico,7210.70.02-03,7210.70.02,03,7210.70.02,Cincados electrolíticamente.,,,,,,,24
nico,7210.70.02-91,7210.70.02,91,7210.70.02,Los demás cincados por inmersión.,,,,,,,24
nico,7210.70.02-99,7210.70.02,99,7210.70.02,Los demás.,,,,,,,24
subheading,7210.90,,,72.10,Los demás.,,,,,-,,24
fraction,7210.90.99,,,7210.90,Los demás.,Kg,25,Ex.,PS4; IM_SEN; PERM; EMB,,7210.90,24
nico,7210.90.99-01,7210.90.99,01,7210.90.99,Plaqueadas con acero inoxidable.,,,,,,,24
nico,7210.90.99-91,7210.90.99,91,7210.90.99,Los demás plaqueados.,,,,,,,24
nico,7210.90.99-99,7210.90.99,99,7210.90.99,Los demás.,,,,,,,24
heading,72.11,,,72,"Productos laminados planos de hierro o acero sin alear, de anchura inferior a 600 mm, sin chapar ni revestir.",,,,,,,24
qualifier,,,,72.11,Simplemente laminados en caliente:,,,,,-,,24
subheading,7211.13,,,72.11,"Laminados en las cuatro caras o en acanaladuras cerradas, de anchura superior a 150 mm y espesor superior o igual a 4 mm, sin enrollar y sin motivos en relieve.",,,,,--,,24
fraction,7211.13.01,,,7211.13,"Laminados en las cuatro caras o en acanaladuras cerradas, de anchura superior a 150 mm y espesor superior o igual a 4 mm, sin enrollar y sin motivos en relieve.",Kg,25,Ex.,PS4; IM_SEN; PERM; EMB,,7211.13,24
nico,7211.13.01-00,7211.13.01,00,7211.13.01,"Laminados en las cuatro caras o en acanaladuras cerradas, de anchura superior a 150 mm y espesor superior o igual a 4 mm, sin enrollar y sin motivos en relieve.",Kg,25,Ex.,PS4; IM_SEN; PERM; EMB,,,24
subheading,7211.14,,,72.11,"Los demás, de espesor superior o igual a 4.75 mm.",,,,,--,,24
fraction,7211.14.91,,,7211.14,"Los demás, de espesor superior o igual a 4.75 mm.",Kg,25,Ex.,FR_I; CHT; PS4; IM_SEN; PERM; EMB,,7211.14,25
nico,7211.14.91-01,7211.14.91,01,7211.14.91,"Flejes, excepto enrollados.",,,,,,,25
nico,7211.14.91-02,7211.14.91,02,7211.14.91,"Laminados en caliente (""chapas""), de espesor superior o igual a 4.75 mm pero inferior a 12 mm, excepto enrollados.",,,,,,,25
nico,7211.14.91-03,7211.14.91,03,7211.14.91,Enrollados.,,,,,,,25
nico,7211.14.91-99,7211.14.91,99,7211.14.91,Los demás.,,,,,,,25
subheading,7211.19,,,72.11,Los demás.,,,,,--,,25
fraction,7211.19.99,,,7211.19,Los demás.,Kg,25,Ex.,PS4; IM_SEN; PERM; EMB,,7211.19,25
nico,7211.19.99-01,7211.19.99,01,7211.19.99,Flejes con espesor inferior a 4.75 mm.,,,,,,,25
nico,7211.19.99-02,7211.19.99,02,7211.19.99,"Laminadas en caliente (“chapas”), con espesor superior o igual a 1.9 mm, pero inferior a 4.75 mm.",,,,,,,25
nico,7211.19.99-03,7211.19.99,03,7211.19.99,Desbastes en rollo para chapas (“Coils”).,,,,,,,25
nico,7211.19.99-04,7211.19.99,04,7211.19.99,"Chapas laminadas en caliente, de anchura superior a 500 mm. pero inferior a 600 mm. y espesor igual o superior a 1.9 mm pero inferior a 4.75 mm.",,,,,,,25
nico,7211.19.99-99,7211.19.99,99,7211.19.99,Los demás.,,,,,,,25
qualifier,,,,7211.19.99,Simplemente laminados en frío:,,,,,-,,25
subheading,7211.23,,,72.11,Con un contenido de carbono inferior al 0.25% en peso.,,,,,--,,25
fraction,7211.23.03,,,7211.23,Con un contenido de carbono inferior al 0.25% en peso.,Kg,25,Ex.,PS4; IM_SEN; PERM; EMB,,7211.23,25
nico,7211.23.03-01,7211.23.03,01,7211.23.03,Flejes de espesor igual o superior a 0.05 mm.,,,,,,,25
nico,7211.23.03-02,7211.23.03,02,7211.23.03,"Chapas laminadas en frío, con un espesor superior a 0.46 mm sin exceder de 3.4 mm.",,,,,,,25
nico,7211.23.03-99,7211.23.03,99,7211.23.03,Los demás.,,,,,,,25
subheading,7211.29,,,72.11,Los demás.,,,,,--,,25
fraction,7211.29.99,,,7211.29,Los demás.,Kg,25,Ex.,PS5; PS4; IM_SEN; PERM; EMB,,7211.29,25
nico,7211.29.99-01,7211.29.99,01,7211.29.99,Flejes de espesor igual o superior a 0.05 mm con un contenido de carbono inferior a 0.6%.,,,,,,,26
nico,7211.29.99-02,7211.29.99,02,7211.29.99,Flejes con un contenido de carbono igual o superior a 0.6%.,,,,,,,26
nico,7211.29.99-03,7211.29.99,03,7211.29.99,"Chapas laminadas en frío, con un espesor superior a 0.46 mm sin exceder de 3.4 mm.",,,,,,,26
nico,7211.29.99-99,7211.29.99,99,7211.29.99,Los demás.,,,,,,,26
subheading,7211.90,,,72.11,Los demás.,,,,,-,,26
fraction,7211.90.99,,,7211.90,Los demás.,Kg,25,Ex.,PS4; IM_SEN; PERM; EMB,,7211.90,26
nico,7211.90.99-00,7211.90.99,00,7211.90.99,Los demás.,Kg,25,Ex.,PS4; IM_SEN; PERM; EMB,,,26
heading,72.12,,,72,"Productos laminados planos de hierro o acero sin alear, de anchura inferior a 600 mm, chapados o revestidos.",,,,,,,26
subheading,7212.10,,,72.12,Estañados.,,,,,-,,26
fraction,7212.10.03,,,7212.10,Estañados.,Kg,Ex.,Ex.,PS4; IM_SEN; EMB; PERM,,7212.10,26
nico,7212.10.03-01,7212.10.03,01,7212.10.03,Flejes estañados.,,,,,,,26
nico,7212.10.03-02,7212.10.03,02,7212.10.03,Chapas o láminas estañadas (hojalata).,,,,,,,26
nico,7212.10.03-99,7212.10.03,99,7212.10.03,Los demás.,,,,,,,26
subheading,7212.20,,,72.12,Cincados electrolíticamente.,,,,,-,,26
fraction,7212.20.03,,,7212.20,Cincados electrolíticamente.,Kg,25,Ex.,PS4; IM_SEN; PERM; EMB;CC,,7212.20,26
nico,7212.20.03-01,7212.20.03,01,7212.20.03,Flejes.,,,,,,,26
nico,7212.20.03-02,7212.20.03,02,7212.20.03,"Cincadas por las dos caras, de ancho superior a 500 mm.",,,,,,,26
nico,7212.20.03-99,7212.20.03,99,7212.20.03,Los demás.,,,,,,,26
subheading,7212.30,,,72.12,Cincados de otro modo.,,,,,-,,26
fraction,7212.30.03,,,7212.30,Cincados de otro modo.,Kg,25,Ex.,PS4; IM_SEN; PERM; EMB;CC,,7212.30,26
nico,7212.30.03-01,7212.30.03,01,7212.30.03,Flejes.,,,,,,,26
nico,7212.30.03-02,7212.30.03,02,7212.30.03,"Cincados por las dos caras, de ancho superior a 500 mm.",,,,,,,26
nico,7212.30.03-99,7212.30.03,99,7212.30.03,Los demás.,,,,,,,26
subheading,7212.40,,,72.12,"Pintados, barnizados o revestidos de plástico.",,,,,-,,26
fraction,7212.40.04,,,7212.40,"Pintados, barnizados o revestidos de plástico.",Kg,25,Ex.,PS4; IM_SEN; PERM; EMB; PACIC;CC,,7212.40,27
nico,7212.40.04-01,7212.40.04,01,7212.40.04,Chapas recubiertas con barniz de siliconas.,,,,,,,27
nico,7212.40.04-02,7212.40.04,02,7212.40.04,De espesor total igual o superior a 0.075 mm sin exceder de 0.55 mm con recubrimiento plástico por una o ambas caras.,,,,,,,27
nico,7212.40.04-03,7212.40.04,03,7212.40.04,"Cincados por las dos caras, de ancho superior a 500 mm.",,,,,,,27
nico,7212.40.04-99,7212.40.04,99,7212.40.04,Los demás.,,,,,,,27
subheading,7212.50,,,72.12,Revestidos de otro modo.,,,,,-,,27
fraction,7212.50.01,,,7212.50,Revestidos de otro modo.,Kg,25,Ex.,PS4; IM_SEN; PERM; EMB,,7212.50,27
nico,7212.50.01-00,7212.50.01,00,7212.50.01,Revestidos de otro modo.,Kg,25,Ex.,PS4; IM_SEN; PERM; EMB,,,27
subheading,7212.60,,,72.12,Chapados.,,,,,-,,27
fraction,7212.60.04,,,7212.60,Chapados.,Kg,Ex.,Ex.,PS4; IM_SEN; EMB; PERM,,7212.60,27
nico,7212.60.04-01,7212.60.04,01,7212.60.04,Chapas cromadas sin trabajar.,,,,,,,27
nico,7212.60.04-02,7212.60.04,02,7212.60.04,"Flejes cobrizados electrolíticamente, por ambos lados y pulidos con una proporción de cobre que no exceda de 5%, con ancho inferior o igual a 100 mm y un espesor que no exceda de 0.6 mm.",,,,,,,27
nico,7212.60.04-03,7212.60.04,03,7212.60.04,Chapas plaqueadas con acero inoxidable.,,,,,,,27
nico,7212.60.04-99,7212.60.04,99,7212.60.04,Los demás.,,,,,,,27
heading,72.13,,,72,Alambrón de hierro o acero sin alear.,,,,,,,27
subheading,7213.10,,,72.13,"Con muescas, cordones, surcos o relieves, producidos en el laminado.",,,,,-,,27
fraction,7213.10.01,,,7213.10,"Con muescas, cordones, surcos o relieves, producidos en el laminado.",Kg,35,Ex.,PS4; IM_SEN; PERM; EMB;CC,,7213.10,27
nico,7213.10.01-00,7213.10.01,00,7213.10.01,"Con muescas, cordones, surcos o relieves, producidos en el laminado.",Kg,35,Ex.,PS4; IM_SEN; PERM; EMB;CC,,,27
subheading,7213.20,,,72.13,"Los demás, de acero de fácil mecanización.",,,,,-,,27
fraction,7213.20.91,,,7213.20,"Los demás, de acero de fácil mecanización.",Kg,25,Ex.,PS4; IM_SEN; PERM; EMB;CC,,7213.20,27
nico,7213.20.91-00,7213.20.91,00,7213.20.91,"Los demás, de acero de fácil mecanización.",Kg,25,Ex.,PS4; IM_SEN; PERM; EMB;CC,,,27
qualifier,,,,7213.20.91,Los demás:,,,,,-,,27
subheading,7213.91,,,72.13,De sección circular con diámetro inferior a 14 mm.,,,,,--,,27
fraction,7213.91.03,,,7213.91,De sección circular con diámetro inferior a 14 mm.,Kg,50,Ex.,PS4; IM_SEN; PERM; EMB;CC,,7213.91,28
nico,7213.91.03-01,7213.91.03,01,7213.91.03,Con un contenido de carbono inferior a 0.4% en peso.,,,,,,,28
nico,7213.91.03-02,7213.91.03,02,7213.91.03,Con un contenido de carbono igual o superior a 0.4% en peso.,,,,,,,28
subheading,7213.99,,,72.13,Los demás.,,,,,--,,28
fraction,7213.99.99,,,7213.99,Los demás.,Kg,50,Ex.,PS4; IM_SEN; PERM; EMB;CC,,7213.99,28
nico,7213.99.99-01,7213.99.99,01,7213.99.99,"Alambrón de acero con un contenido máximo de carbono de 0.13%, 0.1% máximo de silicio, y un contenido mínimo de aluminio de 0.02%, en peso, excepto lo comprendido en el número de identificación comercial 7213.99.99.02.",,,,,,,28
nico,7213.99.99-02,7213.99.99,02,7213.99.99,"De sección transversal circular, con un diámetro igual o superior a 19 mm.",,,,,,,28
nico,7213.99.99-99,7213.99.99,99,7213.99.99,Los demás.,,,,,,,28
heading,72.14,,,72,"Barras de hierro o acero sin alear, simplemente forjadas, laminadas o extrudidas, en caliente, así como las sometidas a torsión después del laminado.",,,,,,,28
subheading,7214.10,,,72.14,Forjadas.,,,,,-,,28
fraction,7214.10.01,,,7214.10,Forjadas.,Kg,Ex.,Ex.,PS4; IM_SEN; EMB; PERM,,7214.10,28
nico,7214.10.01-00,7214.10.01,00,7214.10.01,Forjadas.,Kg,Ex.,Ex.,PS4; IM_SEN; EMB; PERM,,,28
subheading,7214.20,,,72.14,"Con muescas, cordones, surcos o relieves, producidos en el laminado o sometidas a torsión después del laminado.",,,,,-,,28
fraction,7214.20.01,,,7214.20,"Varillas corrugadas o barras para armadura, para cemento u hormigón.",Kg,35,Ex.,PS4; IM_SEN; PERM; EMB;CC,,7214.20,28
nico,7214.20.01-00,7214.20.01,00,7214.20.01,"Varillas corrugadas o barras para armadura, para cemento u hormigón.",Kg,35,Ex.,PS4; IM_SEN; PERM; EMB;CC,,,28
fraction,7214.20.99,,,7214.20,Los demás.,Kg,35,Ex.,PS4; IM_SEN; PERM; EMB,,7214.20,28
nico,7214.20.99-00,7214.20.99,00,7214.20.99,Los demás.,Kg,35,Ex.,PS4; IM_SEN; PERM; EMB,,,28
subheading,7214.30,,,72.14,"Las demás, de acero de fácil mecanización.",,,,,-,,28
fraction,7214.30.91,,,7214.30,"Las demás, de acero de fácil mecanización.",Kg,25,Ex.,FR_I; CHT; PS4; IM_SEN; PERM; EMB,,7214.30,29
nico,7214.30.91-00,7214.30.91,00,7214.30.91,"Las demás, de acero de fácil mecanización.",Kg,25,Ex.,FR_I; CHT; PS4; IM_SEN; PERM; EMB,,,29
qualifier,,,,7214.30.91,Las demás:,,,,,-,,29
subheading,7214.91,,,72.14,De sección transversal rectangular.,,,,,--,,29
fraction,7214.91.03,,,7214.91,De sección transversal rectangular.,Kg,25,Ex.,FR_I; CHT; PS4; IM_SEN; PERM; EMB,,7214.91,29
nico,7214.91.03-01,7214.91.03,01,7214.91.03,"Con un contenido de carbono inferior a 0.25% en peso, de sección transversal inferior o igual a 80 mm.",,,,,,,29
nico,7214.91.03-02,7214.91.03,02,7214.91.03,Con un contenido de carbono superior o igual a 0.25% pero inferior a 0.6% en peso.,,,,,,,29
nico,7214.91.03-91,7214.91.03,91,7214.91.03,Los demás con un contenido de carbono inferior a 0.25% en peso.,,,,,,,29
nico,7214.91.03-99,7214.91.03,99,7214.91.03,Los demás.,,,,,,,29
subheading,7214.99,,,72.14,Las demás.,,,,,--,,29
fraction,7214.99.99,,,7214.99,Las demás.,Kg,25,Ex.,PS4; IM_SEN; PERM; EMB,,7214.99,29
nico,7214.99.99-01,7214.99.99,01,7214.99.99,"Barras de sección redonda, con un contenido de carbono inferior a 0.25% en peso.",,,,,,,29
nico,7214.99.99-02,7214.99.99,02,7214.99.99,"Barras de sección cuadrada, con un contenido de carbono inferior a 0.25% en peso.",,,,,,,29
nico,7214.99.99-03,7214.99.99,03,7214.99.99,"Barras de sección redonda, con un contenido de carbono superior o igual a 0.25% pero inferior a 0.6% en peso.",,,,,,,29
nico,7214.99.99-04,7214.99.99,04,7214.99.99,"Barras de sección redonda, con un contenido de carbono superior a 0.6% en peso.",,,,,,,29
nico,7214.99.99-91,7214.99.99,91,7214.99.99,Los demás con un contenido de carbono inferior a 0.25% en peso.,,,,,,,29
nico,7214.99.99-92,7214.99.99,92,7214.99.99,Los demás con un contenido de carbono superior o igual a 0.25% pero inferior a 0.6% en peso.,,,,,,,29
nico,7214.99.99-99,7214.99.99,99,7214.99.99,Los demás.,,,,,,,29
heading,72.15,,,72,Las demás barras de hierro o acero sin alear.,,,,,,,29
subheading,7215.10,,,72.15,"De acero de fácil mecanización, simplemente obtenidas o acabadas en frío.",,,,,-,,29
fraction,7215.10.01,,,7215.10,"De acero de fácil mecanización, simplemente obtenidas o acabadas en frío.",Kg,25,Ex.,PS4; IM_SEN; EMB; PERM,,7215.10,30
nico,7215.10.01-00,7215.10.01,00,7215.10.01,"De acero de fácil mecanización, simplemente obtenidas o acabadas en frío.",Kg,25,Ex.,PS4; IM_SEN; EMB; PERM,,,30
subheading,7215.50,,,72.15,"Las demás, simplemente obtenidas o acabadas en frío.",,,,,-,,30
fraction,7215.50.91,,,7215.50,"Las demás, simplemente obtenidas o acabadas en frío.",Kg,25,Ex.,PS4; IM_SEN; EMB; PERM,,7215.50,30
nico,7215.50.91-01,7215.50.91,01,7215.50.91,"Macizas, revestidas de aluminio o de cobre.",,,,,,,30
nico,7215.50.91-99,7215.50.91,99,7215.50.91,Las demás.,,,,,,,30
subheading,7215.90,,,72.15,Las demás.,,,,,-,,30
fraction,7215.90.99,,,7215.90,Las demás.,Kg,25,Ex.,PS4; IM_SEN; EMB; PERM,,7215.90,30
nico,7215.90.99-01,7215.90.99,01,7215.90.99,"Laminados en caliente, plaqueados o revestidos con metal.",,,,,,,30
nico,7215.90.99-99,7215.90.99,99,7215.90.99,Las demás.,,,,,,,30
heading,72.16,,,72,Perfiles de hierro o acero sin alear.,,,,,,,30
subheading,7216.10,,,72.16,"Perfiles en U, en I o en H, simplemente laminados o extrudidos en caliente, de altura inferior a 80 mm.",,,,,-,,30
fraction,7216.10.01,,,7216.10,"Perfiles en U, en I o en H, simplemente laminados o extrudidos en caliente, de altura inferior a 80 mm.",Kg,25,Ex.,PS4; IM_SEN; PERM; EMB,,7216.10,30
nico,7216.10.01-01,7216.10.01,01,7216.10.01,Perfiles en U.,,,,,,,30
nico,7216.10.01-99,7216.10.01,99,7216.10.01,Los demás.,,,,,,,30
qualifier,,,,7216.10.01,"Perfiles en L o en T, simplemente laminados o extrudidos en caliente, de altura inferior a 80 mm:",,,,,-,,30
subheading,7216.21,,,72.16,Perfiles en L.,,,,,--,,30
fraction,7216.21.01,,,7216.21,Perfiles en L.,Kg,25,Ex.,FR_I; CHT; PS4; IM_SEN; PERM; EMB,,7216.21,30
nico,7216.21.01-01,7216.21.01,01,7216.21.01,De altura inferior o igual a 50 mm.,,,,,,,30
nico,7216.21.01-99,7216.21.01,99,7216.21.01,Los demás.,,,,,,,30
subheading,7216.22,,,72.16,Perfiles en T.,,,,,--,,30
fraction,7216.22.01,,,7216.22,Perfiles en T.,Kg,35,Ex.,PS4; IM_SEN; PERM; EMB,,7216.22,31
nico,7216.22.01-00,7216.22.01,00,7216.22.01,Perfiles en T.,Kg,35,Ex.,PS4; IM_SEN; PERM; EMB,,,31
qualifier,,,,7216.22.01,"Perfiles en U, en I o en H, simplemente laminados o extrudidos en caliente, de altura superior o igual a 80 mm:",,,,,-,,31
subheading,7216.31,,,72.16,Perfiles en U.,,,,,--,,31
fraction,7216.31.03,,,7216.31,Perfiles en U.,Kg,25,Ex.,FR_I; CHT; PS4; IM_SEN; PERM; EMB,,7216.31,31
nico,7216.31.03-01,7216.31.03,01,7216.31.03,"Cuyo espesor no exceda de 23 cm, excepto lo comprendido en el número de identificación comercial 7216.31.03.02.",,,,,,,31
nico,7216.31.03-02,7216.31.03,02,7216.31.03,"Cuyo espesor sea igual o superior a 13 cm, sin exceder de 20 cm.",,,,,,,31
nico,7216.31.03-99,7216.31.03,99,7216.31.03,Los demás.,,,,,,,31
subheading,7216.32,,,72.16,Perfiles en I.,,,,,--,,31
fraction,7216.32.04,,,7216.32,Cuyo patín (ancho de las secciones paralelas) sea superior a 270 mm y su peso sea superior a 190 kg por metro lineal.,Kg,Ex.,Ex.,PS4; EMB; PERM,,7216.32,31
nico,7216.32.04-00,7216.32.04,00,7216.32.04,Cuyo patín (ancho de las secciones paralelas) sea superior a 270 mm y su peso sea superior a 190 kg por metro lineal.,Kg,Ex.,Ex.,PS4; EMB; PERM,,,31
fraction,7216.32.99,,,7216.32,Los demás.,Kg,25,Ex.,FR_I; CHT; PS4; IM_SEN; PERM; EMB;CC,,7216.32,31
nico,7216.32.99-01,7216.32.99,01,7216.32.99,"Cuyo espesor no exceda de 23 cm, excepto lo comprendido en el número de identificación comercial 7216.32.99.02.",,,,,,,31
nico,7216.32.99-02,7216.32.99,02,7216.32.99,"Cuyo espesor sea igual o superior a 13 cm, sin exceder de 20 cm.",,,,,,,31
nico,7216.32.99-99,7216.32.99,99,7216.32.99,Los demás.,,,,,,,31
subheading,7216.33,,,72.16,Perfiles en H.,,,,,--,,31
fraction,7216.33.01,,,7216.33,"Perfiles en H, excepto lo comprendido en la fracción arancelaria 7216.33.02.",Kg,25,Ex.,FR_I; CHT; PS4; IM_SEN; PERM; EMB;CC,,7216.33,31
nico,7216.33.01-01,7216.33.01,01,7216.33.01,Cuyo peralte (altura) sea menor o igual a 254 mm.,,,,,,,31
nico,7216.33.01-02,7216.33.01,02,7216.33.01,"Cuyo peralte (altura) sea superior a 254 mm, pero inferior o igual a 457 mm.",,,,,,,32
nico,7216.33.01-03,7216.33.01,03,7216.33.01,"Cuyo peralte (altura) sea superior a 457 mm, pero inferior o igual a 609 mm.",,,,,,,32
nico,7216.33.01-04,7216.33.01,04,7216.33.01,Cuyo peralte (altura) sea superior a 609 mm pero inferior o igual a 914 mm.,,,,,,,32
nico,7216.33.01-99,7216.33.01,99,7216.33.01,Los demás.,,,,,,,32
fraction,7216.33.02,,,7216.33,Cuyo patín (ancho de las secciones paralelas) sea superior a 300 mm.,Kg,Ex.,Ex.,PS4; EMB; PERM,,7216.33,32
nico,7216.33.02-01,7216.33.02,01,7216.33.02,Cuyo peralte (altura) sea menor o igual a 254 mm.,,,,,,,32
nico,7216.33.02-02,7216.33.02,02,7216.33.02,"Cuyo peralte (altura) sea superior a 254 mm, pero inferior o igual a 457 mm.",,,,,,,32
nico,7216.33.02-03,7216.33.02,03,7216.33.02,"Cuyo peralte (altura) sea superior a 457 mm, pero inferior o igual a 609 mm.",,,,,,,32
nico,7216.33.02-04,7216.33.02,04,7216.33.02,Cuyo peralte (altura) sea superior a 609 mm pero inferior o igual a 914 mm.,,,,,,,32
nico,7216.33.02-99,7216.33.02,99,7216.33.02,Los demás.,,,,,,,32
subheading,7216.40,,,72.16,"Perfiles en L o en T, simplemente laminados o extrudidos en caliente, de altura superior o igual a 80 mm.",,,,,-,,32
fraction,7216.40.01,,,7216.40,"Perfiles en L o en T, simplemente laminados o extrudidos en caliente, de altura superior o igual a 80 mm.",Kg,25,Ex.,FR_I; CHT; PS4; IM_SEN; PERM; EMB,,7216.40,32
nico,7216.40.01-01,7216.40.01,01,7216.40.01,"Perfiles en L, de peralte (altura) inferior a 152 mm.",,,,,,,32
nico,7216.40.01-02,7216.40.01,02,7216.40.01,"Perfiles en L, de peralte (altura) superior o igual 152 mm, pero inferior a 203 mm.",,,,,,,32
nico,7216.40.01-91,7216.40.01,91,7216.40.01,Los demás perfiles en L.,,,,,,,32
nico,7216.40.01-99,7216.40.01,99,7216.40.01,Los demás.,,,,,,,32
subheading,7216.50,,,72.16,"Los demás perfiles, simplemente laminados o extrudidos en caliente.",,,,,-,,32
fraction,7216.50.01,,,7216.50,"Perfiles en forma de Z, cuyo espesor no exceda de 23 cm.",Kg,Ex.,Ex.,PS4; IM_SEN; EMB; PERM,,7216.50,32
nico,7216.50.01-00,7216.50.01,00,7216.50.01,"Perfiles en forma de Z, cuyo espesor no exceda de 23 cm.",Kg,Ex.,Ex.,PS4; IM_SEN; EMB; PERM,,,32
fraction,7216.50.99,,,7216.50,Los demás.,Kg,25,Ex.,PS4; IM_SEN; PERM; EMB,,7216.50,32
nico,7216.50.99-00,7216.50.99,00,7216.50.99,Los demás.,Kg,25,Ex.,PS4; IM_SEN; PERM; EMB,,,32
qualifier,,,,7216.50.99,Perfiles simplemente obtenidos o acabados en frío:,,,,,-,,33
subheading,7216.61,,,72.16,Obtenidos a partir de productos laminados planos.,,,,,--,,33
fraction,7216.61.01,,,7216.61,"Perfiles en forma de H, I, L, T, U y Z, cuyo espesor no exceda a 23 cm, excepto lo comprendido en la fracción arancelaria 7216.61.02.",Kg,25,Ex.,PS4; IM_SEN; PERM; EMB,,7216.61,33
nico,7216.61.01-00,7216.61.01,00,7216.61.01,"Perfiles en forma de H, I, L, T, U y Z, cuyo espesor no exceda a 23 cm, excepto lo comprendido en la fracción arancelaria 7216.61.02.",Kg,25,Ex.,PS4; IM_SEN; PERM; EMB,,,33
fraction,7216.61.02,,,7216.61,"En forma de U e I, cuyo espesor sea superior o igual a 13 cm, sin exceder de 20 cm.",Kg,35,Ex.,PS4; IM_SEN; PERM; EMB,,7216.61,33
nico,7216.61.02-00,7216.61.02,00,7216.61.02,"En forma de U e I, cuyo espesor sea superior o igual a 13 cm, sin exceder de 20 cm.",Kg,35,Ex.,PS4; IM_SEN; PERM; EMB,,,33
fraction,7216.61.99,,,7216.61,Los demás.,Kg,35,Ex.,PS4; IM_SEN; PERM; EMB,,7216.61,33
nico,7216.61.99-00,7216.61.99,00,7216.61.99,Los demás.,Kg,35,Ex.,PS4; IM_SEN; PERM; EMB,,,33
subheading,7216.69,,,72.16,Los demás.,,,,,--,,33
fraction,7216.69.99,,,7216.69,Los demás.,Kg,35,Ex.,PS4; IM_SEN; PERM; EMB,,7216.69,33
nico,7216.69.99-01,7216.69.99,01,7216.69.99,"Perfiles en forma de H, I, L, T, U y Z, cuyo espesor no exceda a 23 cm, excepto lo comprendido en el número de identificación comercial 7216.69.99.02.",,,,,,,33
nico,7216.69.99-02,7216.69.99,02,7216.69.99,"En forma de U e I, cuyo espesor sea igual o superior a 13 cm, sin exceder de 20 cm.",,,,,,,33
nico,7216.69.99-99,7216.69.99,99,7216.69.99,Los demás.,,,,,,,33
qualifier,,,,7216.69.99,Los demás:,,,,,-,,33
subheading,7216.91,,,72.16,"Obtenidos o acabados en frío, a partir de productos laminados planos.",,,,,--,,33
fraction,7216.91.01,,,7216.91,"Obtenidos o acabados en frío, a partir de productos laminados planos.",Kg,25,Ex.,PS4; IM_SEN; EMB,,7216.91,33
nico,7216.91.01-00,7216.91.01,00,7216.91.01,"Obtenidos o acabados en frío, a partir de productos laminados planos.",Kg,25,Ex.,PS4; IM_SEN; EMB,,,33
subheading,7216.99,,,72.16,Los demás.,,,,,--,,33
fraction,7216.99.99,,,7216.99,Los demás.,Kg,25,Ex.,PS4; IM_SEN; EMB; PERM,,7216.99,33
nico,7216.99.99-00,7216.99.99,00,7216.99.99,Los demás.,Kg,25,Ex.,PS4; IM_SEN; EMB; PERM,,,33
heading,72.17,,,72,Alambre de hierro o acero sin alear.,,,,,,,33
subheading,7217.10,,,72.17,"Sin revestir, incluso pulido.",,,,,-,,33
fraction,7217.10.02,,,7217.10,"Sin revestir, incluso pulido.",Kg,35,Ex.,PS4; IM_SEN; PERM; EMB;CC,,7217.10,34
nico,7217.10.02-01,7217.10.02,01,7217.10.02,"Trefilado en frío, con la mayor sección transversal igual o superior a 7 mm, pero inferior o igual a 28 mm, con un contenido de carbono inferior a 0.6% en peso.",,,,,,,34
nico,7217.10.02-02,7217.10.02,02,7217.10.02,"Conocidos como alambres de presfuerzo, pretensado, postensado o grafilados, excepto los de los números de identificación comercial 7217.10.02.03, 7217.10.02.04, 7217.10.02.05 y 7217.10.02.06.",,,,,,,34
nico,7217.10.02-03,7217.10.02,03,7217.10.02,"Con un contenido de carbono inferior a 0.25% en su peso, de diámetro mayor o igual a 3.5 mm.",,,,,,,34
nico,7217.10.02-04,7217.10.02,04,7217.10.02,"Con un contenido de carbono superior o igual a 0.25% pero inferior a 0.6% en su peso, de diámetro inferior a 1.25 mm.",,,,,,,34
nico,7217.10.02-05,7217.10.02,05,7217.10.02,"Con un contenido de carbono superior o igual a 0.25% pero inferior a 0.6% en su peso, de diámetro mayor o igual a 2.1 mm pero inferior 3.5 mm.",,,,,,,34
nico,7217.10.02-06,7217.10.02,06,7217.10.02,"Con un contenido de carbono superior a 0.6% en su peso, de diámetro mayor o igual a 3.5 mm.",,,,,,,34
nico,7217.10.02-91,7217.10.02,91,7217.10.02,Los demás con un contenido de carbono inferior a 0.25%.,,,,,,,34
nico,7217.10.02-92,7217.10.02,92,7217.10.02,Los demás con un contenido de carbono superior o igual a 0.25% pero inferior a 0.6% en su peso.,,,,,,,34
nico,7217.10.02-93,7217.10.02,93,7217.10.02,Los demás con un contenido de carbono superior a 0.6% en su peso.,,,,,,,34
subheading,7217.20,,,72.17,Cincado.,,,,,-,,34
fraction,7217.20.02,,,7217.20,Cincado.,Kg,35,Ex.,PS4; IM_SEN; EMB; PERM,,7217.20,34
nico,7217.20.02-01,7217.20.02,01,7217.20.02,"Laminados, unidos longitudinalmente entre sí, reconocibles como diseñados exclusivamente para la fabricación de grapas.",,,,,,,34
nico,7217.20.02-99,7217.20.02,99,7217.20.02,Los demás.,,,,,,,34
subheading,7217.30,,,72.17,Revestido de otro metal común.,,,,,-,,34
fraction,7217.30.02,,,7217.30,Revestido de otro metal común.,Kg,35,Ex.,PS4; IM_SEN; EMB; PERM,,7217.30,34
nico,7217.30.02-01,7217.30.02,01,7217.30.02,"Con recubrimiento de cobre, con un contenido de carbono inferior a 0.6%.",,,,,,,35
nico,7217.30.02-99,7217.30.02,99,7217.30.02,Los demás.,,,,,,,35
subheading,7217.90,,,72.17,Los demás.,,,,,-,,35
fraction,7217.90.99,,,7217.90,Los demás.,Kg,35,Ex.,PS4; IM_SEN; EMB; PERM,,7217.90,35
nico,7217.90.99-01,7217.90.99,01,7217.90.99,Con recubrimiento de plástico.,,,,,,,35
nico,7217.90.99-99,7217.90.99,99,7217.90.99,Los demás.,,,,,,,35
section,,,,7217.90.99,SUBCAPÍTULO III,,,,,,,35
section,,,,7217.90.99,ACERO INOXIDABLE,,,,,,,35
heading,72.18,,,72,Acero inoxidable en lingotes o demás formas primarias; productos intermedios de acero inoxidable.,,,,,,,35
subheading,7218.10,,,72.18,Lingotes o demás formas primarias.,,,,,-,,35
fraction,7218.10.01,,,7218.10,Lingotes o demás formas primarias.,Kg,Ex.,Ex.,PS4; IM_SEN; EMB; PERM,,7218.10,35
nico,7218.10.01-00,7218.10.01,00,7218.10.01,Lingotes o demás formas primarias.,Kg,Ex.,Ex.,PS4; IM_SEN; EMB; PERM,,,35
qualifier,,,,7218.10.01,Los demás:,,,,,-,,35
subheading,7218.91,,,72.18,De sección transversal rectangular.,,,,,--,,35
fraction,7218.91.01,,,7218.91,De sección transversal rectangular.,Kg,Ex.,Ex.,PS4; IM_SEN; EMB; PERM,,7218.91,35
nico,7218.91.01-00,7218.91.01,00,7218.91.01,De sección transversal rectangular.,Kg,Ex.,Ex.,PS4; IM_SEN; EMB; PERM,,,35
subheading,7218.99,,,72.18,Los demás.,,,,,--,,35
fraction,7218.99.99,,,7218.99,Los demás.,Kg,Ex.,Ex.,PS4; IM_SEN; EMB; PERM,,7218.99,35
nico,7218.99.99-00,7218.99.99,00,7218.99.99,Los demás.,Kg,Ex.,Ex.,PS4; IM_SEN; EMB; PERM,,,35
heading,72.19,,,72,"Productos laminados planos de acero inoxidable, de anchura superior o igual a 600 mm.",,,,,,,35
qualifier,,,,72.19,"Simplemente laminados en caliente, enrollados:",,,,,-,,35
subheading,7219.11,,,72.19,De espesor superior a 10 mm.,,,,,--,,35
fraction,7219.11.01,,,7219.11,De espesor superior a 10 mm.,Kg,Ex.,Ex.,PS4; IM_SEN; EMB; PERM,,7219.11,35
nico,7219.11.01-00,7219.11.01,00,7219.11.01,De espesor superior a 10 mm.,Kg,Ex.,Ex.,PS4; IM_SEN; EMB; PERM,,,35
subheading,7219.12,,,72.19,De espesor superior o igual a 4.75 mm pero inferior o igual a 10 mm.,,,,,--,,35
fraction,7219.12.02,,,7219.12,De espesor superior o igual a 4.75 mm pero inferior o igual a 10 mm.,Kg,Ex.,Ex.,PS4; IM_SEN; EMB; PERM,,7219.12,36
nico,7219.12.02-01,7219.12.02,01,7219.12.02,"De espesor igual o inferior a 6 mm, y ancho igual o superior a 710 mm, sin exceder de 1,350 mm.",,,,,,,36
nico,7219.12.02-99,7219.12.02,99,7219.12.02,Los demás.,,,,,,,36
subheading,7219.13,,,72.19,De espesor superior o igual a 3 mm pero inferior a 4.75 mm.,,,,,--,,36
fraction,7219.13.01,,,7219.13,De espesor superior o igual a 3 mm pero inferior a 4.75 mm.,Kg,Ex.,Ex.,PS4; IM_SEN; EMB,,7219.13,36
nico,7219.13.01-01,7219.13.01,01,7219.13.01,De la serie 200.,,,,,,,36
nico,7219.13.01-02,7219.13.01,02,7219.13.01,De la serie 300.,,,,,,,36
nico,7219.13.01-03,7219.13.01,03,7219.13.01,De la serie 400.,,,,,,,36
nico,7219.13.01-99,7219.13.01,99,7219.13.01,Los demás.,,,,,,,36
subheading,7219.14,,,72.19,De espesor inferior a 3 mm.,,,,,--,,36
fraction,7219.14.01,,,7219.14,De espesor inferior a 3 mm.,Kg,Ex.,Ex.,PS4; IM_SEN; EMB,,7219.14,36
nico,7219.14.01-01,7219.14.01,01,7219.14.01,De la serie 200.,,,,,,,36
nico,7219.14.01-02,7219.14.01,02,7219.14.01,De la serie 300.,,,,,,,36
nico,7219.14.01-03,7219.14.01,03,7219.14.01,De la serie 400.,,,,,,,36
nico,7219.14.01-99,7219.14.01,99,7219.14.01,Los demás.,,,,,,,36
qualifier,,,,7219.14.01,"Simplemente laminados en caliente, sin enrollar:",,,,,-,,36
subheading,7219.21,,,72.19,De espesor superior a 10 mm.,,,,,--,,36
fraction,7219.21.01,,,7219.21,De espesor superior a 10 mm.,Kg,Ex.,Ex.,PS4; IM_SEN; EMB,,7219.21,36
nico,7219.21.01-00,7219.21.01,00,7219.21.01,De espesor superior a 10 mm.,Kg,Ex.,Ex.,PS4; IM_SEN; EMB,,,36
subheading,7219.22,,,72.19,De espesor superior o igual a 4.75 mm pero inferior o igual a 10 mm.,,,,,--,,36
fraction,7219.22.01,,,7219.22,De espesor superior o igual a 4.75 mm pero inferior o igual a 10 mm.,Kg,Ex.,Ex.,PS4; IM_SEN; EMB,,7219.22,37
nico,7219.22.01-01,7219.22.01,01,7219.22.01,De la serie 200.,,,,,,,37
nico,7219.22.01-02,7219.22.01,02,7219.22.01,De la serie 300.,,,,,,,37
nico,7219.22.01-03,7219.22.01,03,7219.22.01,De la serie 400.,,,,,,,37
nico,7219.22.01-99,7219.22.01,99,7219.22.01,Los demás.,,,,,,,37
subheading,7219.23,,,72.19,De espesor superior o igual a 3 mm pero inferior a 4.75 mm.,,,,,--,,37
fraction,7219.23.01,,,7219.23,De espesor superior o igual a 3 mm pero inferior a 4.75 mm.,Kg,Ex.,Ex.,PS4; IM_SEN; EMB; PERM,,7219.23,37
nico,7219.23.01-00,7219.23.01,00,7219.23.01,De espesor superior o igual a 3 mm pero inferior a 4.75 mm.,Kg,Ex.,Ex.,PS4; IM_SEN; EMB; PERM,,,37
subheading,7219.24,,,72.19,De espesor inferior a 3 mm.,,,,,--,,37
fraction,7219.24.01,,,7219.24,De espesor inferior a 3 mm.,Kg,Ex.,Ex.,PS4; IM_SEN; EMB; PERM,,7219.24,37
nico,7219.24.01-00,7219.24.01,00,7219.24.01,De espesor inferior a 3 mm.,Kg,Ex.,Ex.,PS4; IM_SEN; EMB; PERM,,,37
qualifier,,,,7219.24.01,Simplemente laminados en frío:,,,,,-,,37
subheading,7219.31,,,72.19,De espesor superior o igual a 4.75 mm.,,,,,--,,37
fraction,7219.31.01,,,7219.31,De espesor superior o igual a 4.75 mm.,Kg,Ex.,Ex.,PS4; IM_SEN; EMB; PERM,,7219.31,37
nico,7219.31.01-01,7219.31.01,01,7219.31.01,Enrollados.,,,,,,,37
nico,7219.31.01-99,7219.31.01,99,7219.31.01,Los demás.,,,,,,,37
subheading,7219.32,,,72.19,De espesor superior o igual a 3 mm pero inferior a 4.75 mm.,,,,,--,,37
fraction,7219.32.02,,,7219.32,De espesor superior o igual a 3 mm pero inferior a 4.75 mm.,Kg,25,Ex.,PS4; IM_SEN; EMB; PERM,,7219.32,37
nico,7219.32.02-02,7219.32.02,02,7219.32.02,"De la serie 200, con espesor que no exceda de 4 mm.",,,,,,,37
nico,7219.32.02-03,7219.32.02,03,7219.32.02,"De la serie 300, con espesor que no exceda de 4 mm.",,,,,,,37
nico,7219.32.02-04,7219.32.02,04,7219.32.02,"De la serie 400, con espesor que no exceda de 4 mm.",,,,,,,37
nico,7219.32.02-91,7219.32.02,91,7219.32.02,Las demás de la serie 200.,,,,,,,37
nico,7219.32.02-92,7219.32.02,92,7219.32.02,Las demás de la serie 300.,,,,,,,37
nico,7219.32.02-93,7219.32.02,93,7219.32.02,Las demás de la serie 400.,,,,,,,38
nico,7219.32.02-99,7219.32.02,99,7219.32.02,Los demás.,,,,,,,38
subheading,7219.33,,,72.19,De espesor superior a 1 mm pero inferior a 3 mm.,,,,,--,,38
fraction,7219.33.01,,,7219.33,De espesor superior a 1 mm pero inferior a 3 mm.,Kg,25,Ex.,PS4; IM_SEN; PERM; EMB,,7219.33,38
nico,7219.33.01-01,7219.33.01,01,7219.33.01,De la serie 200.,,,,,,,38
nico,7219.33.01-02,7219.33.01,02,7219.33.01,De la serie 300.,,,,,,,38
nico,7219.33.01-03,7219.33.01,03,7219.33.01,De la serie 400.,,,,,,,38
nico,7219.33.01-99,7219.33.01,99,7219.33.01,Los demás,,,,,,,38
subheading,7219.34,,,72.19,De espesor superior o igual a 0.5 mm pero inferior o igual a 1 mm.,,,,,--,,38
fraction,7219.35.02,,,7219.35,De espesor superior o igual a 0.5 mm pero inferior o igual a 1 mm.,Kg,25,Ex.,PS4; IM_SEN; PERM; EMB;CC,,7219.34,38
nico,7219.35.02-01,7219.35.02,01,7219.35.02,De la serie 200.,,,,,,,38
nico,7219.35.02-02,7219.35.02,02,7219.35.02,De la serie 300.,,,,,,,38
nico,7219.35.02-03,7219.35.02,03,7219.35.02,De la serie 400.,,,,,,,38
nico,7219.35.02-99,7219.35.02,99,7219.35.02,Los demás,,,,,,,38
subheading,7219.35,,,72.19,De espesor inferior a 0.5 mm.,,,,,--,,38
fraction,7219.35.02,,,7219.35,De espesor inferior a 0.5 mm.,Kg,25,Ex.,PS4; IM_SEN; EMB;CC; PERM,,7219.35,38
nico,7219.35.02-01,7219.35.02,01,7219.35.02,De espesor igual o superior a 0.3 mm.,,,,,,,38
nico,7219.35.02-99,7219.35.02,99,7219.35.02,Los demás.,,,,,,,38
subheading,7219.90,,,72.19,Los demás.,,,,,-,,38
fraction,7219.90.99,,,7219.90,Los demás.,Kg,25,Ex.,PS4; IM_SEN; PERM; EMB; SEN;,,7219.90,39
nico,7219.90.99-00,7219.90.99,00,7219.90.99,Los demás.,Kg,25,Ex.,PS4; IM_SEN; PERM; EMB; SEN;,,,39
heading,72.20,,,72,"Productos laminados planos de acero inoxidable, de anchura inferior a 600 mm.",,,,,,,39
qualifier,,,,72.20,Simplemente laminados en caliente:,,,,,-,,39
subheading,7220.11,,,72.20,De espesor superior o igual a 4.75 mm.,,,,,--,,39
fraction,7220.11.01,,,7220.11,De espesor superior o igual a 4.75 mm.,Kg,Ex.,Ex.,PS4; IM_SEN; EMB; PERM,,7220.11,39
nico,7220.11.01-00,7220.11.01,00,7220.11.01,De espesor superior o igual a 4.75 mm.,Kg,Ex.,Ex.,PS4; IM_SEN; EMB; PERM,,,39
subheading,7220.12,,,72.20,De espesor inferior a 4.75 mm.,,,,,--,,39
fraction,7220.12.01,,,7220.12,De espesor inferior a 4.75 mm.,Kg,Ex.,Ex.,PS4; IM_SEN; EMB; PERM,,7220.12,39
nico,7220.12.01-00,7220.12.01,00,7220.12.01,De espesor inferior a 4.75 mm.,Kg,Ex.,Ex.,PS4; IM_SEN; EMB; PERM,,,39
subheading,7220.20,,,72.20,Simplemente laminados en frío.,,,,,-,,39
fraction,7220.20.03,,,7220.20,Simplemente laminados en frío.,Kg,20,Ex.,PS4; IM_SEN; EMB;CC; PERM,,7220.20,39
nico,7220.20.03-01,7220.20.03,01,7220.20.03,"Sin templar o pretemplado (DGN-410, DGN-420 y DGN-440) con espesor igual o superior a 0.3 mm, sin exceder de 6.0 mm, y con anchura máxima de 325 mm.",,,,,,,39
nico,7220.20.03-03,7220.20.03,03,7220.20.03,"De la serie 200, con espesor igual o superior a 0.3 mm, sin exceder de 4.0 mm, excepto lo comprendido en el número de identificación comercial 7220.20.03.01.",,,,,,,39
nico,7220.20.03-04,7220.20.03,04,7220.20.03,"De la serie 300, con espesor igual o superior a 0.3 mm, sin exceder de 4.0 mm, excepto lo comprendido en el número de identificación comercial 7220.20.03.01.",,,,,,,39
nico,7220.20.03-05,7220.20.03,05,7220.20.03,"De la serie 400, con espesor igual o superior a 0.3 mm, sin exceder de 4.0 mm, excepto lo comprendido en el número de identificación comercial 7220.20.03.01.",,,,,,,39
nico,7220.20.03-99,7220.20.03,99,7220.20.03,Los demás.,,,,,,,39
subheading,7220.90,,,72.20,Los demás.,,,,,-,,39
fraction,7220.90.99,,,7220.90,Los demás.,Kg,Ex.,Ex.,PS4; IM_SEN; EMB; SEN; PERM,,7220.90,39
nico,7220.90.99-00,7220.90.99,00,7220.90.99,Los demás.,Kg,Ex.,Ex.,PS4; IM_SEN; EMB; SEN; PERM,,,39
heading,72.21,,,72,Alambrón de acero inoxidable.,,,,,,,39
subheading,7221.00,,,72.21,Alambrón de acero inoxidable.,,,,,,,40
fraction,7221.00.01,,,7221.00,Alambrón de acero inoxidable.,Kg,Ex.,Ex.,PS4; IM_SEN; EMB; PERM,,7221.00,40
nico,7221.00.01-01,7221.00.01,01,7221.00.01,"De sección transversal circular, con un diámetro inferior a 19 mm.",,,,,,,40
nico,7221.00.01-99,7221.00.01,99,7221.00.01,Las demás.,,,,,,,40
heading,72.22,,,72,"Barras y perfiles, de acero inoxidable.",,,,,,,40
qualifier,,,,72.22,Barras simplemente laminadas o extrudidas en caliente:,,,,,-,,40
subheading,7222.11,,,72.22,De sección circular.,,,,,--,,40
fraction,7222.11.02,,,7222.11,De sección circular.,Kg,Ex.,Ex.,PS4; IM_SEN; EMB; PERM,,7222.11,40
nico,7222.11.02-01,7222.11.02,01,7222.11.02,"De acero nitrogenado, laminadas en caliente, pelado o rectificado.",,,,,,,40
nico,7222.11.02-99,7222.11.02,99,7222.11.02,Las demás.,,,,,,,40
subheading,7222.19,,,72.22,Las demás.,,,,,--,,40
fraction,7222.19.99,,,7222.19,Las demás.,Kg,Ex.,Ex.,PS4; IM_SEN; EMB; PERM,,7222.19,40
nico,7222.19.99-00,7222.19.99,00,7222.19.99,Las demás.,Kg,Ex.,Ex.,PS4; IM_SEN; EMB; PERM,,,40
subheading,7222.20,,,72.22,Barras simplemente obtenidas o acabadas en frío.,,,,,-,,40
fraction,7222.20.01,,,7222.20,Barras simplemente obtenidas o acabadas en frío.,Kg,Ex.,Ex.,PS4; IM_SEN; EMB; PERM,,7222.20,40
nico,7222.20.01-00,7222.20.01,00,7222.20.01,Barras simplemente obtenidas o acabadas en frío.,Kg,Ex.,Ex.,PS4; IM_SEN; EMB; PERM,,,40
subheading,7222.30,,,72.22,Las demás barras.,,,,,-,,40
fraction,7222.30.91,,,7222.30,Las demás barras.,Kg,Ex.,Ex.,PS4; IM_SEN; EMB; PERM,,7222.30,40
nico,7222.30.91-01,7222.30.91,01,7222.30.91,"Huecas, para perforación de minas.",,,,,,,40
nico,7222.30.91-99,7222.30.91,99,7222.30.91,Las demás.,,,,,,,40
subheading,7222.40,,,72.22,Perfiles.,,,,,-,,40
fraction,7222.40.01,,,7222.40,Perfiles.,Kg,Ex.,Ex.,PS4; IM_SEN; EMB; PERM,,7222.40,40
nico,7222.40.01-01,7222.40.01,01,7222.40.01,"Laminados en caliente, sin perforar ni trabajar de otro modo, con un peralte (altura) máximo de 80 mm.",,,,,,,40
nico,7222.40.01-99,7222.40.01,99,7222.40.01,Los demás.,,,,,,,40
heading,72.23,,,72,Alambre de acero inoxidable.,,,,,,,41
subheading,7223.00,,,72.23,Alambre de acero inoxidable.,,,,,,,41
fraction,7223.00.02,,,7223.00,Alambre de acero inoxidable.,Kg,Ex.,Ex.,PS4; IM_SEN; EMB; PERM,,7223.00,41
nico,7223.00.02-01,7223.00.02,01,7223.00.02,De sección transversal circular.,,,,,,,41
nico,7223.00.02-99,7223.00.02,99,7223.00.02,Los demás.,,,,,,,41
section,,,,7223.00.02,SUBCAPÍTULO IV,,,,,,,41
section,,,,7223.00.02,"LOS DEMÁS ACEROS ALEADOS; BARRAS HUECAS PARA PERFORACIÓN, DE ACERO ALEADO O SIN ALEAR",,,,,,,41
heading,72.24,,,72,Los demás aceros aleados en lingotes o demás formas primarias; productos intermedios de los demás aceros aleados.,,,,,,,41
subheading,7224.10,,,72.24,Lingotes o demás formas primarias.,,,,,-,,41
fraction,7224.10.06,,,7224.10,Lingotes o demás formas primarias.,Kg,Ex.,Ex.,PS4; IM_SEN; EMB; PERM,,7224.10,41
nico,7224.10.06-01,7224.10.06,01,7224.10.06,Lingotes de acero grado herramienta.,,,,,,,41
nico,7224.10.06-02,7224.10.06,02,7224.10.06,Lingotes de acero rápido.,,,,,,,41
nico,7224.10.06-03,7224.10.06,03,7224.10.06,"Lingotes, excepto de acero grado herramienta y de acero rápido.",,,,,,,41
nico,7224.10.06-04,7224.10.06,04,7224.10.06,Desbastes cuadrados o rectangulares (blooms) y palanquillas de acero grado herramienta.,,,,,,,41
nico,7224.10.06-05,7224.10.06,05,7224.10.06,Desbastes cuadrados o rectangulares (blooms) y palanquillas de acero rápido.,,,,,,,41
nico,7224.10.06-91,7224.10.06,91,7224.10.06,Los demás de acero grado herramienta.,,,,,,,41
nico,7224.10.06-99,7224.10.06,99,7224.10.06,Los demás.,,,,,,,41
subheading,7224.90,,,72.24,Los demás.,,,,,-,,41
fraction,7224.90.02,,,7224.90,"Productos intermedios, con un contenido de carbono inferior o igual a 0.006% en peso, excepto de acero grado herramienta.",Kg,Ex.,Ex.,PS4; IM_SEN; EMB; PERM,,7224.90,41
nico,7224.90.02-00,7224.90.02,00,7224.90.02,"Productos intermedios, con un contenido de carbono inferior o igual a 0.006% en peso, excepto de acero grado herramienta.",Kg,Ex.,Ex.,PS4; IM_SEN; EMB; PERM,,,41
fraction,7224.90.99,,,7224.90,Los demás.,Kg,Ex.,Ex.,PS4; IM_SEN; PERM; EMB,,7224.90,41
nico,7224.90.99-01,7224.90.99,01,7224.90.99,"Piezas forjadas, reconocibles para la fabricación de juntas o uniones de elementos de perforación.",,,,,,,41
nico,7224.90.99-02,7224.90.99,02,7224.90.99,De acero grado herramienta.,,,,,,,42
nico,7224.90.99-99,7224.90.99,99,7224.90.99,Los demás.,,,,,,,42
heading,72.25,,,72,"Productos laminados planos de los demás aceros aleados, de anchura superior o igual a 600 mm.",,,,,,,42
qualifier,,,,72.25,"De acero al silicio llamado ""magnético"" (acero magnético al silicio):",,,,,-,,42
subheading,7225.11,,,72.25,De grano orientado.,,,,,--,,42
fraction,7225.11.01,,,7225.11,De grano orientado.,Kg,Ex.,Ex.,PS4; IM_SEN; EMB; PERM,,7225.11,42
nico,7225.11.01-00,7225.11.01,00,7225.11.01,De grano orientado.,Kg,Ex.,Ex.,PS4; IM_SEN; EMB; PERM,,,42
subheading,7225.19,,,72.25,Los demás.,,,,,--,,42
fraction,7225.19.99,,,7225.19,Los demás.,Kg,35,Ex.,PS5; PS4; IM_SEN; PERM; EMB,,7225.19,42
nico,7225.19.99-00,7225.19.99,00,7225.19.99,Los demás.,Kg,35,Ex.,PS5; PS4; IM_SEN; PERM; EMB,,,42
subheading,7225.30,,,72.25,"Los demás, simplemente laminados en caliente, enrollados.",,,,,-,,42
fraction,7225.30.91,,,7225.30,"Los demás, simplemente laminados en caliente, enrollados.",Kg,25,Ex.,PS5; PS4; IM_SEN; PERM; EMB;CC,,7225.30,42
nico,7225.30.91-01,7225.30.91,01,7225.30.91,"Con un contenido de boro igual o superior a 0.0008%, de espesor superior a 10 mm, excepto lo comprendido en el número de identificación comercial 7225.30.91.06.",,,,,,,42
nico,7225.30.91-02,7225.30.91,02,7225.30.91,"Con un contenido de boro igual o superior a 0.0008%, de espesor superior o igual a 4.75 mm, pero inferior o igual a 10 mm, excepto lo comprendido en el número de identificación comercial 7225.30.91.06.",,,,,,,42
nico,7225.30.91-03,7225.30.91,03,7225.30.91,"Con un contenido de boro igual o superior a 0.0008%, de espesor superior o igual a 3 mm, pero inferior a 4.75 mm, excepto lo comprendido en el número de identificación comercial 7225.30.91.06.",,,,,,,42
nico,7225.30.91-04,7225.30.91,04,7225.30.91,"Con un contenido de boro igual o superior a 0.0008%, de espesor inferior a 3 mm, excepto lo comprendido en el número de identificación comercial 7225.30.91.06.",,,,,,,42
nico,7225.30.91-05,7225.30.91,05,7225.30.91,De acero rápido.,,,,,,,42
nico,7225.30.91-06,7225.30.91,06,7225.30.91,"De acero grado herramienta, excepto de acero rápido.",,,,,,,42
nico,7225.30.91-07,7225.30.91,07,7225.30.91,"Decapados, con un contenido de boro igual o superior a 0.0008%.",,,,,,,42
nico,7225.30.91-08,7225.30.91,08,7225.30.91,"Decapados de espesor superior o igual a 4.75 mm, excepto lo comprendido en el número de identificación comercial 7225.30.91.07.",,,,,,,43
nico,7225.30.91-91,7225.30.91,91,7225.30.91,Los demás decapados.,,,,,,,43
nico,7225.30.91-92,7225.30.91,92,7225.30.91,Los demás de espesor inferior a 4.75 mm.,,,,,,,43
nico,7225.30.91-99,7225.30.91,99,7225.30.91,Los demás.,,,,,,,43
subheading,7225.40,,,72.25,"Los demás, simplemente laminados en caliente, sin enrollar.",,,,,-,,43
fraction,7225.40.91,,,7225.40,"Los demás, simplemente laminados en caliente, sin enrollar.",Kg,25,Ex.,PS5; PS4; IM_SEN; PERM; EMB;CC,,7225.40,43
nico,7225.40.91-01,7225.40.91,01,7225.40.91,"Con un contenido de boro igual o superior a 0.0008%, de espesor superior a 10 mm, excepto de grado herramienta.",,,,,,,43
nico,7225.40.91-02,7225.40.91,02,7225.40.91,"Con un contenido de boro igual o superior a 0.0008%, de espesor superior o igual a 4.75 mm, pero inferior o igual a 10 mm, excepto de grado herramienta.",,,,,,,43
nico,7225.40.91-03,7225.40.91,03,7225.40.91,"Con un contenido de boro igual o superior a 0.0008%, de espesor superior o igual a 3 mm, pero inferior a 4.75 mm, excepto de grado herramienta.",,,,,,,43
nico,7225.40.91-04,7225.40.91,04,7225.40.91,"Con un contenido de boro igual o superior a 0.0008%, de espesor inferior a 3 mm, excepto de grado herramienta.",,,,,,,43
nico,7225.40.91-05,7225.40.91,05,7225.40.91,Acero rápido.,,,,,,,43
nico,7225.40.91-06,7225.40.91,06,7225.40.91,Acero de alta resistencia.,,,,,,,43
nico,7225.40.91-07,7225.40.91,07,7225.40.91,Acero de grado herramienta.,,,,,,,43
nico,7225.40.91-08,7225.40.91,08,7225.40.91,Acero para la fabricación de tubos de los tipos utilizados en oleoductos o gasoductos.,,,,,,,43
nico,7225.40.91-91,7225.40.91,91,7225.40.91,Los demás de espesor inferior a 4.75 mm.,,,,,,,43
nico,7225.40.91-99,7225.40.91,99,7225.40.91,Los demás.,,,,,,,43
subheading,7225.50,,,72.25,"Los demás, simplemente laminados en frío.",,,,,-,,43
fraction,7225.50.91,,,7225.50,"Los demás, simplemente laminados en frío.",Kg,25,Ex.,PS4; IM_SEN; PERM; EMB;CC,,7225.50,43
nico,7225.50.91-01,7225.50.91,01,7225.50.91,"Con un contenido de boro igual o superior a 0.0008%, y espesor superior a 1 mm, pero inferior a 3 mm, enrollada, excepto de acero grado herramienta.",,,,,,,43
nico,7225.50.91-02,7225.50.91,02,7225.50.91,"Con un contenido de boro igual o superior a 0.0008%, y espesor superior o igual a 0.5 mm, pero inferior o igual a 1 mm, enrollada, excepto de acero grado herramienta.",,,,,,,44
nico,7225.50.91-03,7225.50.91,03,7225.50.91,"Con un contenido de boro igual o superior a 0.0008%, y espesor inferior a 0.5 mm, enrollada, excepto de acero grado herramienta.",,,,,,,44
nico,7225.50.91-04,7225.50.91,04,7225.50.91,"Con un contenido de boro igual o superior a 0.0008%, y espesor superior o igual a 3 mm, pero inferior a 4.75 mm, enrollada, excepto de acero grado herramienta.",,,,,,,44
nico,7225.50.91-05,7225.50.91,05,7225.50.91,"Con un contenido de boro igual o superior a 0.0008%, y espesor superior o igual a 4.75 mm, enrollada, excepto de acero grado herramienta.",,,,,,,44
nico,7225.50.91-06,7225.50.91,06,7225.50.91,"Con un contenido de boro igual o superior a 0.0008%, y espesor inferior a 4.75 mm, sin enrollar, excepto de acero grado herramienta.",,,,,,,44
nico,7225.50.91-07,7225.50.91,07,7225.50.91,"Con un contenido de boro igual o superior a 0.0008%, y espesor superior o igual a 4.75 mm, sin enrollar, excepto de acero grado herramienta.",,,,,,,44
nico,7225.50.91-08,7225.50.91,08,7225.50.91,De acero rápido.,,,,,,,44
nico,7225.50.91-09,7225.50.91,09,7225.50.91,De acero grado herramienta.,,,,,,,44
nico,7225.50.91-10,7225.50.91,10,7225.50.91,"De acero para porcelanizar, de espesor superior o igual a 4.75 mm.",,,,,,,44
nico,7225.50.91-11,7225.50.91,11,7225.50.91,De acero de alta resistencia.,,,,,,,44
nico,7225.50.91-91,7225.50.91,91,7225.50.91,Los demás de espesor superior o igual a 4.75 mm.,,,,,,,44
nico,7225.50.91-92,7225.50.91,92,7225.50.91,Los demás de acero para porcelanizar.,,,,,,,44
nico,7225.50.91-99,7225.50.91,99,7225.50.91,Los demás.,,,,,,,44
qualifier,,,,7225.50.91,Los demás:,,,,,-,,44
subheading,7225.91,,,72.25,Cincados electrolíticamente.,,,,,--,,44
fraction,7225.91.01,,,7225.91,Cincados electrolíticamente.,Kg,25,Ex.,PS4; IM_SEN; PERM; EMB;CC,,7225.91,44
nico,7225.91.01-00,7225.91.01,00,7225.91.01,Cincados electrolíticamente.,Kg,25,Ex.,PS4; IM_SEN; PERM; EMB;CC,,,44
subheading,7225.92,,,72.25,Cincados de otro modo.,,,,,--,,44
fraction,7225.92.01,,,7225.92,Cincados de otro modo.,Kg,25,Ex.,PS4; IM_SEN; PERM; EMB;CC,,7225.92,44
nico,7225.92.01-01,7225.92.01,01,7225.92.01,De acero de alta resistencia.,,,,,,,44
nico,7225.92.01-99,7225.92.01,99,7225.92.01,Los demás.,,,,,,,44
subheading,7225.99,,,72.25,Los demás.,,,,,--,,44
fraction,7225.99.99,,,7225.99,Los demás.,Kg,25,Ex.,PS4; IM_SEN; PERM; EMB,,7225.99,45
nico,7225.99.99-01,7225.99.99,01,7225.99.99,Aluminizados.,,,,,,,45
nico,7225.99.99-02,7225.99.99,02,7225.99.99,Pintados.,,,,,,,45
nico,7225.99.99-03,7225.99.99,03,7225.99.99,Revestidos de aleaciones de aluminio y cinc (galvalume).,,,,,,,45
nico,7225.99.99-99,7225.99.99,99,7225.99.99,Los demás.,,,,,,,45
heading,72.26,,,72,"Productos laminados planos de los demás aceros aleados, de anchura inferior a 600 mm.",,,,,,,45
qualifier,,,,72.26,"De acero al silicio llamado ""magnético"" (acero magnético al silicio):",,,,,-,,45
subheading,7226.11,,,72.26,De grano orientado.,,,,,--,,45
fraction,7226.11.01,,,7226.11,De grano orientado.,Kg,Ex.,Ex.,PS4; IM_SEN; EMB; PERM,,7226.11,45
nico,7226.11.01-00,7226.11.01,00,7226.11.01,De grano orientado.,Kg,Ex.,Ex.,PS4; IM_SEN; EMB; PERM,,,45
subheading,7226.19,,,72.26,Los demás.,,,,,--,,45
fraction,7226.19.99,,,7226.19,Los demás.,Kg,35,Ex.,PS4; IM_SEN; PERM; EMB,,7226.19,45
nico,7226.19.99-00,7226.19.99,00,7226.19.99,Los demás.,Kg,35,Ex.,PS4; IM_SEN; PERM; EMB,,,45
subheading,7226.20,,,72.26,De acero rápido.,,,,,-,,45
fraction,7226.20.01,,,7226.20,De acero rápido.,Kg,Ex.,Ex.,PS4; IM_SEN; EMB; PERM,,7226.20,45
nico,7226.20.01-00,7226.20.01,00,7226.20.01,De acero rápido.,Kg,Ex.,Ex.,PS4; IM_SEN; EMB; PERM,,,45
qualifier,,,,7226.20.01,Los demás:,,,,,-,,45
subheading,7226.91,,,72.26,Simplemente laminados en caliente.,,,,,--,,45
fraction,7226.91.07,,,7226.91,Simplemente laminados en caliente.,Kg,25,Ex.,PS4; IM_SEN; PERM; EMB,,7226.91,45
nico,7226.91.07-01,7226.91.07,01,7226.91.07,"Con un contenido de boro igual o superior a 0.0008%, y espesor superior a 1 mm, pero inferior a 3 mm, enrollada, excepto de acero grado herramienta.",,,,,,,45
nico,7226.91.07-02,7226.91.07,02,7226.91.07,"Con un contenido de boro igual o superior a 0.0008%, y espesor superior o igual a 0.5 mm, pero inferior o igual a 1 mm, enrollada, excepto de acero grado herramienta.",,,,,,,45
nico,7226.91.07-03,7226.91.07,03,7226.91.07,"Con un contenido de boro igual o superior a 0.0008%, y espesor inferior a 0.5 mm, enrollada, excepto de acero grado herramienta.",,,,,,,46
nico,7226.91.07-04,7226.91.07,04,7226.91.07,"Con un contenido de boro igual o superior a 0.0008%, y espesor superior o igual a 3 mm pero inferior a 4.75 mm, enrollada, excepto de acero grado herramienta.",,,,,,,46
nico,7226.91.07-05,7226.91.07,05,7226.91.07,"Con un contenido de boro igual o superior a 0.0008%, y espesor superior a 4.75, enrollada, excepto de acero grado herramienta.",,,,,,,46
nico,7226.91.07-06,7226.91.07,06,7226.91.07,"Con un contenido de boro igual o superior a 0.0008%, sin enrollar, con un espesor inferior a 4.75 mm, excepto de acero grado herramienta.",,,,,,,46
nico,7226.91.07-07,7226.91.07,07,7226.91.07,"Con un contenido de boro igual o superior a 0.0008%, sin enrollar, con un espesor superior o igual a 4.75 mm, excepto de acero grado herramienta.",,,,,,,46
nico,7226.91.07-08,7226.91.07,08,7226.91.07,"De acero grado herramienta, excepto acero rápido.",,,,,,,46
nico,7226.91.07-91,7226.91.07,91,7226.91.07,Los demás de espesor superior o igual a 4.75 mm.,,,,,,,46
nico,7226.91.07-99,7226.91.07,99,7226.91.07,Los demás.,,,,,,,46
subheading,7226.92,,,72.26,Simplemente laminados en frío.,,,,,--,,46
fraction,7226.92.06,,,7226.92,Simplemente laminados en frío.,Kg,25,Ex.,PS4; IM_SEN; PERM; EMB,,7226.92,46
nico,7226.92.06-01,7226.92.06,01,7226.92.06,"Con un contenido de boro igual o superior a 0.0008%, y espesor superior o igual a 3 mm, enrollada, excepto de acero grado herramienta.",,,,,,,46
nico,7226.92.06-02,7226.92.06,02,7226.92.06,"Con un contenido de boro igual o superior a 0.0008%, y espesor superior a 1 mm, pero inferior a 3 mm, enrollada, excepto de acero grado herramienta.",,,,,,,46
nico,7226.92.06-03,7226.92.06,03,7226.92.06,"Con un contenido de boro igual o superior a 0.0008%, y espesor superior o igual a 0.5 mm, pero inferior o igual a 1 mm, enrollada, excepto de acero grado herramienta.",,,,,,,46
nico,7226.92.06-04,7226.92.06,04,7226.92.06,"Con un contenido de boro igual o superior a 0.0008%, y espesor inferior a 0.5 mm, enrollada, excepto de acero grado herramienta.",,,,,,,46
nico,7226.92.06-05,7226.92.06,05,7226.92.06,"Con un contenido de boro igual o superior a 0.0008%, sin enrollar, excepto de acero grado herramienta.",,,,,,,46
nico,7226.92.06-06,7226.92.06,06,7226.92.06,"De acero grado herramienta, excepto acero rápido.",,,,,,,47
nico,7226.92.06-99,7226.92.06,99,7226.92.06,Los demás.,,,,,,,47
subheading,7226.99,,,72.26,Los demás.,,,,,--,,47
fraction,7226.99.99,,,7226.99,Los demás.,Kg,25,Ex.,PS4; IM_SEN; PERM; EMB;CC,,7226.99,47
nico,7226.99.99-01,7226.99.99,01,7226.99.99,Cincados electrolíticamente.,,,,,,,47
nico,7226.99.99-02,7226.99.99,02,7226.99.99,Cincados de otro modo.,,,,,,,47
nico,7226.99.99-99,7226.99.99,99,7226.99.99,Los demás.,,,,,,,47
heading,72.27,,,72,Alambrón de los demás aceros aleados.,,,,,,,47
subheading,7227.10,,,72.27,De acero rápido.,,,,,-,,47
fraction,7227.10.01,,,7227.10,De acero rápido.,Kg,35,Ex.,PS4; IM_SEN; PERM; EMB;CC,,7227.10,47
nico,7227.10.01-00,7227.10.01,00,7227.10.01,De acero rápido.,Kg,35,Ex.,PS4; IM_SEN; PERM; EMB;CC,,,47
subheading,7227.20,,,72.27,De acero silicomanganeso.,,,,,-,,47
fraction,7227.20.01,,,7227.20,De acero silicomanganeso.,Kg,25,Ex.,PS4; IM_SEN; PERM; EMB;CC,,7227.20,47
nico,7227.20.01-01,7227.20.01,01,7227.20.01,"Alambre para soldadura con diámetro inferior a 10 mm, con un contenido inferior a 0.2 % de carbono, inferior a 0.04 % de azufre e inferior a 0.04 % de fósforo.",,,,,,,47
nico,7227.20.01-99,7227.20.01,99,7227.20.01,Los demás.,,,,,,,47
subheading,7227.90,,,72.27,Los demás.,,,,,-,,47
fraction,7227.90.99,,,7227.90,Los demás.,Kg,35,Ex.,PS4; IM_SEN; PERM; EMB;CC,,7227.90,47
nico,7227.90.99-01,7227.90.99,01,7227.90.99,De acero grado herramienta.,,,,,,,47
nico,7227.90.99-02,7227.90.99,02,7227.90.99,"Alambre para soldadura con diámetro inferior a 10 mm, con un contenido inferior a 0.2% de carbono, inferior a 0.04 % de azufre e inferior a 0.04 % de fósforo.",,,,,,,47
nico,7227.90.99-03,7227.90.99,03,7227.90.99,"De diámetro inferior a 19 mm, de sección transversal circular, excepto de acero grado herramienta.",,,,,,,47
nico,7227.90.99-04,7227.90.99,04,7227.90.99,De acero al boro y acero al cromo.,,,,,,,47
nico,7227.90.99-99,7227.90.99,99,7227.90.99,Los demás.,,,,,,,47
heading,72.28,,,72,"Barras y perfiles, de los demás aceros aleados; barras huecas para perforación, de aceros aleados o sin alear.",,,,,,,48
subheading,7228.10,,,72.28,Barras de acero rápido.,,,,,-,,48
fraction,7228.10.02,,,7228.10,Barras de acero rápido.,Kg,Ex.,Ex.,PS4; IM_SEN; EMB; PERM,,7228.10,48
nico,7228.10.02-01,7228.10.02,01,7228.10.02,Barras acabadas en caliente.,,,,,,,48
nico,7228.10.02-99,7228.10.02,99,7228.10.02,Las demás.,,,,,,,48
subheading,7228.20,,,72.28,Barras de acero silicomanganeso.,,,,,-,,48
fraction,7228.20.02,,,7228.20,Barras de acero silicomanganeso.,Kg,Ex.,Ex.,PS4; IM_SEN; EMB; PERM,,7228.20,48
nico,7228.20.02-01,7228.20.02,01,7228.20.02,Barras acabadas en caliente.,,,,,,,48
nico,7228.20.02-99,7228.20.02,99,7228.20.02,Las demás.,,,,,,,48
subheading,7228.30,,,72.28,"Las demás barras, simplemente laminadas o extrudidas en caliente.",,,,,-,,48
fraction,7228.30.01,,,7228.30,En aceros grado herramienta.,Kg,35,Ex.,PS4; IM_SEN; EMB; PERM,,7228.30,48
nico,7228.30.01-00,7228.30.01,00,7228.30.01,En aceros grado herramienta.,Kg,35,Ex.,PS4; IM_SEN; EMB; PERM,,,48
fraction,7228.30.99,,,7228.30,Las demás.,Kg,25,Ex.,PS4; IM_SEN; PERM; EMB,,7228.30,48
nico,7228.30.99-01,7228.30.99,01,7228.30.99,Barras y varillas para concreto.,,,,,,,48
nico,7228.30.99-99,7228.30.99,99,7228.30.99,Las demás.,,,,,,,48
subheading,7228.40,,,72.28,"Las demás barras, simplemente forjadas.",,,,,-,,48
fraction,7228.40.91,,,7228.40,"Las demás barras, simplemente forjadas.",Kg,Ex.,Ex.,PS4; IM_SEN; PERM; EMB,,7228.40,48
nico,7228.40.91-01,7228.40.91,01,7228.40.91,De acero grado herramienta.,,,,,,,48
nico,7228.40.91-99,7228.40.91,99,7228.40.91,Las demás.,,,,,,,48
subheading,7228.50,,,72.28,"Las demás barras, simplemente obtenidas o acabadas en frío.",,,,,-,,48
fraction,7228.50.91,,,7228.50,"Las demás barras, simplemente obtenidas o acabadas en frío.",Kg,25,Ex.,PS4; IM_SEN; PERM; EMB,,7228.50,48
nico,7228.50.91-01,7228.50.91,01,7228.50.91,De acero grado herramienta.,,,,,,,48
nico,7228.50.91-99,7228.50.91,99,7228.50.91,Las demás.,,,,,,,48
subheading,7228.60,,,72.28,Las demás barras.,,,,,-,,49
fraction,7228.60.91,,,7228.60,Las demás barras.,Kg,Ex.,Ex.,PS4; IM_SEN; PERM; EMB,,7228.60,49
nico,7228.60.91-01,7228.60.91,01,7228.60.91,De acero grado herramienta.,,,,,,,49
nico,7228.60.91-02,7228.60.91,02,7228.60.91,"Laminadas en caliente, excepto lo comprendido el número de identificación comercial 7228.60.91.01.",,,,,,,49
nico,7228.60.91-99,7228.60.91,99,7228.60.91,Las demás.,,,,,,,49
subheading,7228.70,,,72.28,Perfiles.,,,,,-,,49
fraction,7228.70.01,,,7228.70,Perfiles.,Kg,25,Ex.,PS4; IM_SEN; PERM; EMB,,7228.70,49
nico,7228.70.01-01,7228.70.01,01,7228.70.01,"Laminados en caliente, sin perforar ni trabajar de otro modo, con un peralte (altura) inferior a 76 mm.",,,,,,,49
nico,7228.70.01-99,7228.70.01,99,7228.70.01,Los demás.,,,,,,,49
subheading,7228.80,,,72.28,Barras huecas para perforación.,,,,,-,,49
fraction,7228.80.01,,,7228.80,Barras huecas para perforación.,Kg,Ex.,Ex.,PS4; IM_SEN; EMB; PERM,,7228.80,49
nico,7228.80.01-00,7228.80.01,00,7228.80.01,Barras huecas para perforación.,Kg,Ex.,Ex.,PS4; IM_SEN; EMB; PERM,,,49
heading,72.29,,,72,Alambre de los demás aceros aleados.,,,,,,,49
subheading,7229.20,,,72.29,De acero silicomanganeso.,,,,,-,,49
fraction,7229.20.01,,,7229.20,De acero silicomanganeso.,Kg,35,Ex.,PS4; IM_SEN; EMB;CC; PERM,,7229.20,49
nico,7229.20.01-01,7229.20.01,01,7229.20.01,Alambre de soldadura para proceso SAW.,,,,,,,49
nico,7229.20.01-02,7229.20.01,02,7229.20.01,Varilla de soldadura para proceso TIG.,,,,,,,49
nico,7229.20.01-03,7229.20.01,03,7229.20.01,Microalambre o alambre para soldadura revestido de cobre en carrete.,,,,,,,49
nico,7229.20.01-04,7229.20.01,04,7229.20.01,Microalambre o alambre para soldadura revestido de cobre en tambor.,,,,,,,49
nico,7229.20.01-05,7229.20.01,05,7229.20.01,Microalambre o alambre para soldadura sin revestido de cobre en carrete.,,,,,,,49
nico,7229.20.01-06,7229.20.01,06,7229.20.01,Microalambre o alambre para soldadura sin revestido de cobre en tambor.,,,,,,,49
nico,7229.20.01-91,7229.20.01,91,7229.20.01,Los demás microalambres o alambres para soldadura revestidos.,,,,,,,49
nico,7229.20.01-92,7229.20.01,92,7229.20.01,Los demás microalambres o alambres para soldadura sin revestidos.,,,,,,,49
nico,7229.20.01-99,7229.20.01,99,7229.20.01,Los demás.,,,,,,,50
subheading,7229.90,,,72.29,Los demás.,,,,,-,,50
fraction,7229.90.99,,,7229.90,Los demás.,Kg,35,Ex.,PS4; IM_SEN; EMB;CC; PERM,,7229.90,50
nico,7229.90.99-01,7229.90.99,01,7229.90.99,"Revestidos de cobre y tratados o no con boro, con diámetro inferior o igual a 0.8 mm, reconocibles para la fabricación de electrodos para cátodos de encendido de focos, tubos de descarga o tubos de rayos cátodicos.",,,,,,,50
nico,7229.90.99-02,7229.90.99,02,7229.90.99,De acero grado herramienta.,,,,,,,50
nico,7229.90.99-03,7229.90.99,03,7229.90.99,"Templados en aceite (“oil tempered”), de acero al cromo-silicio y/o al cromo-vanadio, con un contenido de carbono inferior a 1.3% en peso, y un diámetro inferior o igual a 6.35 mm.",,,,,,,50
nico,7229.90.99-04,7229.90.99,04,7229.90.99,De acero rápido.,,,,,,,50
nico,7229.90.99-99,7229.90.99,99,7229.90.99,Los demás.,,,,,,,50
